date,YR,MTH,DAY,DIR,SPD,TEMPc,RelHUM,SD,PRCP,Mean Daily Max 8-hr Ozone Concentration,Total_Count,Tcount_abvMedian,GBTpredict2014,GBTacc,color0,color1
2014-01-01,2014,1,1,197.5,7.5,-2.1825396825396823,54.76190476190477,0.0,0.0,0.016,307.0,1,1,True,#999,#f00
2014-01-02,2014,1,2,37.586206896551715,13.310344827586205,-1.8965517241379308,79.4061302681992,0.0,0.33,0.020750000000000005,365.0,1,1,True,#727272,#f00
2014-01-03,2014,1,3,246.55172413793102,17.206896551724142,-9.042145593869733,78.06513409961687,1.1724137931034482,0.29,0.0265,270.0,1,0,False,#b2b2b2,#00f
2014-01-04,2014,1,4,236.42857142857144,6.821428571428571,-10.218253968253972,58.92857142857143,2.25,0.0,0.0165,290.0,1,1,True,#a5a5a5,#f00
2014-01-05,2014,1,5,26.66666666666667,2.5,-3.648148148148149,82.68518518518516,1.6333333333333333,0.14,0.018500000000000003,306.0,1,1,True,#9a9a9a,#f00
2014-01-06,2014,1,6,185.66666666666663,12.666666666666664,7.481481481481483,88.14814814814814,0.4666666666666667,0.36,0.026,387.0,1,1,True,#636363,#f00
2014-01-07,2014,1,7,263.57142857142856,23.42857142857143,-10.992063492063492,44.345238095238095,0.0,0.0,0.02425,310.0,1,0,False,#979797,#00f
2014-01-08,2014,1,8,257.85714285714283,11.607142857142858,-10.773809523809524,51.3888888888889,0.0,0.0,0.0145,330.0,1,1,True,#898989,#f00
2014-01-09,2014,1,9,206.78571428571428,5.928571428571429,-3.80952380952381,47.12301587301586,0.0,0.0,0.0145,297.0,1,1,True,#a0a0a0,#f00
2014-01-10,2014,1,10,39.67741935483871,2.677419354838709,-0.6810035842293907,78.40501792114695,0.0,0.11,0.00375,328.0,1,1,True,#8b8b8b,#f00
2014-01-11,2014,1,11,103.22580645161293,7.161290322580645,8.369175627240143,97.93906810035841,0.0,0.5,0.019750000000000004,261.0,0,1,False,#b8b8b8,#f00
2014-01-12,2014,1,12,253.57142857142856,12.5,8.45238095238095,69.74206349206351,0.0,0.05,0.02225,261.0,0,1,False,#b8b8b8,#f00
2014-01-13,2014,1,13,157.5,5.642857142857142,4.722222222222221,72.42063492063492,0.0,0.0,0.01425,393.0,1,1,True,#5f5f5f,#f00
2014-01-14,2014,1,14,209.6551724137931,4.620689655172415,8.697318007662837,81.60919540229881,0.0,0.38,0.0065,321.0,1,1,True,#909090,#f00
2014-01-15,2014,1,15,143.0,4.033333333333333,4.240740740740741,94.7222222222222,0.0,0.0,0.006999999999999999,337.0,1,1,True,#858585,#f00
2014-01-16,2014,1,16,258.57142857142856,6.7142857142857135,4.623015873015873,82.53968253968254,0.0,0.0,0.010333333333333332,305.0,1,1,True,#9a9a9a,#f00
2014-01-17,2014,1,17,243.57142857142856,4.964285714285714,2.6388888888888893,70.73412698412695,0.0,0.0,0.01375,315.0,1,1,True,#949494,#f00
2014-01-18,2014,1,18,179.33333333333337,8.166666666666666,2.9259259259259247,77.12962962962959,0.0,0.07,0.017,253.0,0,1,False,#bebebe,#f00
2014-01-19,2014,1,19,249.64285714285717,12.714285714285715,-1.7063492063492067,63.39285714285714,0.0,0.0,0.01575,291.0,1,1,True,#a4a4a4,#f00
2014-01-20,2014,1,20,237.85714285714286,12.535714285714285,3.6507936507936503,58.03571428571429,0.0,0.0,0.02525,303.0,1,1,True,#9c9c9c,#f00
2014-01-21,2014,1,21,171.03448275862067,15.344827586206891,-4.0038314176245215,69.82758620689657,0.3448275862068966,0.46,0.02525,291.0,1,0,False,#a4a4a4,#00f
2014-01-22,2014,1,22,336.42857142857144,18.142857142857142,-11.428571428571432,65.67460317460318,2.571428571428572,0.02,0.025333333333333333,281.0,1,0,False,#ababab,#00f
2014-01-23,2014,1,23,282.5,10.857142857142858,-10.992063492063494,59.82142857142857,2.0,0.0,0.021,335.0,1,1,True,#868686,#f00
2014-01-24,2014,1,24,271.07142857142856,10.714285714285714,-10.039682539682538,59.424603174603185,1.6071428571428572,0.0,0.02466666666666667,299.0,1,1,True,#9e9e9e,#f00
2014-01-25,2014,1,25,207.66666666666663,14.233333333333333,-6.185185185185188,68.33333333333334,1.0333333333333334,0.04,0.02125,247.0,0,1,False,#c2c2c2,#f00
2014-01-26,2014,1,26,247.85714285714286,13.5,-6.527777777777778,64.28571428571428,1.3571428571428572,0.0,0.0295,279.0,1,1,True,#acacac,#f00
2014-01-27,2014,1,27,153.57142857142858,8.035714285714286,-1.1309523809523807,64.38492063492063,0.8928571428571429,0.0,0.02625,332.0,1,1,True,#888,#f00
2014-01-28,2014,1,28,341.7857142857143,11.821428571428573,-7.896825396825397,38.392857142857146,0.32142857142857145,0.0,0.025,305.0,1,1,True,#9a9a9a,#f00
2014-01-29,2014,1,29,276.07142857142856,10.285714285714286,-8.31349206349206,53.86904761904764,0.21428571428571427,0.04,0.02175,248.0,0,1,False,#c1c1c1,#f00
2014-01-30,2014,1,30,220.0,6.821428571428571,-7.202380952380952,49.30555555555557,0.2857142857142857,0.0,0.013,286.0,1,1,True,#a7a7a7,#f00
2014-01-31,2014,1,31,235.0,8.142857142857142,-2.103174603174604,54.46428571428571,0.17857142857142858,0.0,0.009000000000000001,295.0,1,1,True,#a1a1a1,#f00
2014-02-01,2014,2,1,119.28571428571428,3.571428571428572,2.4404761904761902,55.654761904761905,0.0,0.0,0.01325,281.0,1,1,True,#ababab,#f00
2014-02-02,2014,2,2,113.44827586206895,3.310344827586207,3.8697318007662833,80.55555555555553,0.0,0.0,0.01125,267.0,0,1,False,#b4b4b4,#f00
2014-02-03,2014,2,3,163.92857142857142,11.678571428571427,2.1230158730158726,88.59126984126979,0.75,1.17,0.01575,303.0,1,1,True,#9c9c9c,#f00
2014-02-04,2014,2,4,131.07142857142858,5.607142857142856,-2.5,81.05158730158729,2.0,0.0,0.019500000000000003,321.0,1,1,True,#909090,#f00
2014-02-05,2014,2,5,125.625,9.0,-0.01736111111111116,90.97222222222216,1.46875,1.43,0.01925,263.0,0,1,False,#b7b7b7,#f00
2014-02-06,2014,2,6,292.5,9.5,-2.301587301587301,75.89285714285714,1.5714285714285714,0.0,0.0245,299.0,1,1,True,#9e9e9e,#f00
2014-02-07,2014,2,7,249.28571428571428,9.535714285714286,-3.055555555555556,70.33730158730158,2.2857142857142856,0.0,0.024,279.0,1,1,True,#acacac,#f00
2014-02-08,2014,2,8,261.07142857142856,6.7142857142857135,-3.948412698412697,52.77777777777778,2.25,0.0,0.02375,257.0,0,1,False,#bbb,#f00
2014-02-09,2014,2,9,152.14285714285714,5.0,-4.3650793650793664,59.82142857142858,2.0357142857142856,0.1,0.0245,254.0,0,1,False,#bdbdbd,#f00
2014-02-10,2014,2,10,269.31034482758616,9.689655172413792,-4.348659003831418,70.49808429118771,2.4482758620689653,0.0,0.03225,368.0,1,0,False,#707070,#00f
2014-02-11,2014,2,11,360.0,9.535714285714286,-6.011904761904763,53.57142857142857,2.4642857142857144,0.0,0.0305,316.0,1,0,False,#939393,#00f
2014-02-12,2014,2,12,268.2142857142857,10.107142857142858,-7.857142857142858,61.309523809523824,2.2857142857142856,0.0,0.02233333333333333,275.0,1,1,True,#afafaf,#f00
2014-02-13,2014,2,13,25.517241379310345,17.206896551724142,-2.1647509578544057,90.51724137931032,3.2758620689655173,1.78,0.02633333333333333,191.0,0,0,True,#e8e8e8,#00f
2014-02-14,2014,2,14,245.5555555555556,20.259259259259263,1.8312757201646093,78.80658436213989,4.407407407407407,0.3,0.032,245.0,0,0,True,#c3c3c3,#00f
2014-02-15,2014,2,15,132.75862068965515,9.034482758620687,0.7471264367816093,81.22605363984671,3.724137931034482,0.13,0.03366666666666667,245.0,0,0,True,#c3c3c3,#00f
2014-02-16,2014,2,16,292.85714285714283,13.964285714285715,-3.353174603174604,64.78174603174602,4.678571428571429,0.0,0.03266666666666667,262.0,0,1,False,#b7b7b7,#f00
2014-02-17,2014,2,17,272.5,9.107142857142858,-4.603174603174602,47.61904761904764,4.535714285714286,0.0,0.03166666666666667,353.0,1,1,True,#7a7a7a,#f00
2014-02-18,2014,2,18,148.33333333333334,5.7,-0.3888888888888887,72.5925925925926,4.2,0.16,0.018000000000000002,299.0,1,1,True,#9e9e9e,#f00
2014-02-19,2014,2,19,123.79310344827586,4.0344827586206895,1.9348659003831417,83.33333333333331,4.0,0.26,0.025666666666666667,248.0,0,0,True,#c1c1c1,#00f
2014-02-20,2014,2,20,232.14285714285717,5.5357142857142865,4.8015873015873,65.17857142857143,3.1785714285714284,0.03,0.02366666666666667,266.0,0,1,False,#b5b5b5,#f00
2014-02-21,2014,2,21,87.66666666666669,6.7,3.2037037037037037,95.55555555555551,2.7333333333333334,0.09,0.02266666666666667,232.0,0,0,True,#ccc,#00f
2014-02-22,2014,2,22,221.42857142857144,10.642857142857142,4.722222222222221,68.1547619047619,2.321428571428572,0.0,0.03066666666666666,245.0,0,1,False,#c3c3c3,#f00
2014-02-23,2014,2,23,98.21428571428572,3.2857142857142856,7.0436507936507935,52.48015873015874,1.1428571428571428,0.0,0.03366666666666667,257.0,0,1,False,#bbb,#f00
2014-02-24,2014,2,24,278.27586206896547,14.310344827586205,4.099616858237547,48.754789272030656,0.06896551724137931,0.0,0.037000000000000005,294.0,1,1,True,#a2a2a2,#f00
2014-02-25,2014,2,25,269.64285714285717,12.214285714285715,-1.6865079365079367,51.19047619047621,0.0,0.0,0.028333333333333325,300.0,1,1,True,#9e9e9e,#f00
2014-02-26,2014,2,26,262.0689655172414,10.24137931034483,-2.4521072796934864,55.65134099616858,0.0,0.03,0.029666666666666664,280.0,1,1,True,#ababab,#f00
2014-02-27,2014,2,27,211.03448275862067,10.482758620689657,-4.25287356321839,39.75095785440613,0.0,0.0,0.03166666666666667,278.0,1,0,False,#adadad,#00f
2014-02-28,2014,2,28,352.8571428571428,11.357142857142858,-8.313492063492065,32.53968253968255,0.0,0.0,0.031,253.0,0,0,True,#bebebe,#00f
2014-03-01,2014,3,1,219.28571428571428,4.071428571428571,-3.472222222222221,45.83333333333333,0.0,0.0,0.023,225.0,0,1,False,#d1d1d1,#f00
2014-03-02,2014,3,2,226.78571428571428,4.892857142857143,2.242063492063492,56.15079365079366,0.0,0.0,0.0305,238.0,0,1,False,#c8c8c8,#f00
2014-03-03,2014,3,3,334.64285714285717,13.571428571428573,-3.5714285714285725,48.80952380952381,0.0,0.04,0.02875,353.0,1,0,False,#7a7a7a,#00f
2014-03-04,2014,3,4,205.35714285714286,8.107142857142858,-6.726190476190474,38.59126984126985,0.0,0.0,0.01925,321.0,1,1,True,#909090,#f00
2014-03-05,2014,3,5,135.35714285714286,4.928571428571429,-0.4761904761904762,31.25000000000001,0.0,0.0,0.02925,304.0,1,1,True,#9b9b9b,#f00
2014-03-06,2014,3,6,157.5,11.785714285714285,-4.285714285714287,48.51190476190477,0.0,0.0,0.03025,305.0,1,0,False,#9a9a9a,#00f
2014-03-07,2014,3,7,43.92857142857143,9.857142857142858,-0.8531746031746028,66.36904761904759,0.0,0.0,0.02225,265.0,0,1,False,#b5b5b5,#f00
2014-03-08,2014,3,8,285.17241379310343,8.620689655172415,6.3409961685823735,58.33333333333333,0.0,0.0,0.0405,249.0,0,1,False,#c0c0c0,#f00
2014-03-09,2014,3,9,308.57142857142856,12.464285714285715,6.13095238095238,36.90476190476192,0.0,0.0,0.04225,298.0,1,1,True,#9f9f9f,#f00
2014-03-10,2014,3,10,260.0,8.928571428571429,5.912698412698412,36.904761904761905,0.0,0.0,0.02575,400.0,1,1,True,#5a5a5a,#f00
2014-03-11,2014,3,11,206.07142857142856,7.4642857142857135,10.932539682539685,47.12301587301586,0.0,0.0,0.041250000000000016,349.0,1,1,True,#7d7d7d,#f00
2014-03-12,2014,3,12,116.55172413793105,5.241379310344827,11.398467432950193,68.00766283524904,0.0,0.35,0.0315,371.0,1,1,True,#6e6e6e,#f00
2014-03-13,2014,3,13,296.7857142857143,23.42857142857143,-1.567460317460318,49.0079365079365,0.0,0.0,0.03175,328.0,1,1,True,#8b8b8b,#f00
2014-03-14,2014,3,14,265.7142857142857,10.714285714285714,-0.5952380952380951,26.289682539682538,0.0,0.0,0.02425,352.0,1,1,True,#7b7b7b,#f00
2014-03-15,2014,3,15,225.35714285714286,14.714285714285715,9.821428571428571,31.34920634920636,0.0,0.0,0.0405,302.0,1,1,True,#9c9c9c,#f00
2014-03-16,2014,3,16,316.42857142857144,14.678571428571427,3.4523809523809517,26.38888888888889,0.0,0.0,0.035,319.0,1,1,True,#919191,#f00
2014-03-17,2014,3,17,108.27586206896551,13.724137931034482,-1.7816091954022988,28.2567049808429,0.0,0.0,0.02875,422.0,1,1,True,#4b4b4b,#f00
2014-03-18,2014,3,18,109.28571428571428,8.035714285714286,0.21825396825396806,36.70634920634921,0.0,0.0,0.03333333333333333,446.0,1,1,True,#3b3b3b,#f00
2014-03-19,2014,3,19,86.89655172413794,8.620689655172415,3.160919540229885,77.68199233716473,0.0,0.92,0.024333333333333332,362.0,1,1,True,#747474,#f00
2014-03-20,2014,3,20,275.0,14.107142857142858,7.9563492063492065,68.45238095238095,0.0,0.0,0.036000000000000004,350.0,1,1,True,#7c7c7c,#f00
2014-03-21,2014,3,21,275.35714285714283,14.964285714285715,7.103174603174603,28.76984126984127,0.0,0.0,0.04025,348.0,1,1,True,#7d7d7d,#f00
2014-03-22,2014,3,22,160.35714285714286,11.535714285714285,10.019841269841269,35.218253968253954,0.0,0.0,0.0405,325.0,1,1,True,#8d8d8d,#f00
2014-03-23,2014,3,23,312.85714285714283,12.392857142857142,5.694444444444442,36.210317460317455,0.0,0.0,0.035750000000000004,374.0,1,1,True,#6c6c6c,#f00
2014-03-24,2014,3,24,340.68965517241384,14.344827586206891,-1.8199233716475087,28.927203065134112,0.0,0.0,0.032,429.0,1,0,False,#474747,#00f
2014-03-25,2014,3,25,163.92857142857142,6.25,-0.07936507936507968,37.003968253968246,0.0,0.0,0.032,400.0,1,1,True,#5a5a5a,#f00
2014-03-26,2014,3,26,245.0,20.0,1.111111111111111,35.714285714285715,0.0,0.0,0.038000000000000006,367.0,1,1,True,#707070,#f00
2014-03-27,2014,3,27,275.7142857142857,10.964285714285712,-0.4166666666666669,26.58730158730159,0.0,0.0,0.027000000000000003,302.0,1,1,True,#9c9c9c,#f00
2014-03-28,2014,3,28,221.78571428571428,9.285714285714286,7.896825396825394,63.492063492063494,0.0,0.04,0.01875,354.0,1,1,True,#797979,#f00
2014-03-29,2014,3,29,95.0,7.928571428571429,10.178571428571429,84.7222222222222,0.0,1.81,0.02825,296.0,1,1,True,#a0a0a0,#f00
2014-03-30,2014,3,30,145.33333333333334,16.166666666666668,7.8888888888888875,93.51851851851843,0.0,0.35,0.03,344.0,1,1,True,#808080,#f00
2014-03-31,2014,3,31,297.0,17.5,6.759259259259258,73.24074074074075,0.0,0.16,0.035500000000000004,409.0,1,0,False,#545454,#00f
2014-04-01,2014,4,1,279.64285714285717,7.9642857142857135,8.214285714285714,51.48809523809522,0.0,0.0,0.03666666666666667,358.0,1,1,True,#777,#f00
2014-04-02,2014,4,2,228.92857142857144,3.1071428571428568,7.460317460317461,78.7698412698413,0.0,0.0,0.011333333333333334,332.0,1,1,True,#888,#f00
2014-04-03,2014,4,3,130.0,4.535714285714286,10.952380952380953,48.51190476190475,0.0,0.07,0.033,329.0,1,1,True,#8a8a8a,#f00
2014-04-04,2014,4,4,91.78571428571428,7.428571428571429,7.063492063492062,79.26587301587303,0.0,0.21,0.0295,329.0,1,1,True,#8a8a8a,#f00
2014-04-05,2014,4,5,216.07142857142856,14.607142857142858,8.194444444444445,68.1547619047619,0.0,0.0,0.037000000000000005,298.0,1,1,True,#9f9f9f,#f00
2014-04-06,2014,4,6,307.5,9.571428571428571,7.599206349206349,32.341269841269835,0.0,0.0,0.0425,321.0,1,1,True,#909090,#f00
2014-04-07,2014,4,7,117.24137931034485,5.344827586206896,7.7394636015325675,66.76245210727967,0.0,0.52,0.0345,419.0,1,1,True,#4d4d4d,#f00
2014-04-08,2014,4,8,175.86206896551724,10.0,12.183908045977011,78.35249042145597,0.0,0.34,0.03875000000000002,328.0,1,1,True,#8b8b8b,#f00
2014-04-09,2014,4,9,386.4285714285714,13.142857142857142,12.063492063492065,35.11904761904762,0.0,0.0,0.04275,367.0,1,0,False,#707070,#00f
2014-04-10,2014,4,10,284.0,9.466666666666667,11.129629629629626,22.03703703703703,0.0,0.0,0.0435,301.0,1,1,True,#9d9d9d,#f00
2014-04-11,2014,4,11,277.85714285714283,10.714285714285714,16.587301587301592,33.63095238095238,0.0,0.0,0.043,263.0,0,1,False,#b7b7b7,#f00
2014-04-12,2014,4,12,270.3448275862069,6.931034482758621,16.49425287356322,41.858237547892735,0.0,0.0,0.04775,271.0,1,1,True,#b1b1b1,#f00
2014-04-13,2014,4,13,204.28571428571428,8.607142857142858,17.63888888888889,45.13888888888889,0.0,0.0,0.046250000000000006,289.0,1,1,True,#a5a5a5,#f00
2014-04-14,2014,4,14,191.42857142857144,15.035714285714285,20.91269841269841,56.4484126984127,0.0,0.0,0.033,311.0,1,1,True,#969696,#f00
2014-04-15,2014,4,15,220.32258064516128,14.258064516129036,17.186379928315414,84.58781362007171,0.0,0.71,0.03066666666666666,305.0,1,1,True,#9a9a9a,#f00
2014-04-16,2014,4,16,348.62068965517244,16.275862068965516,4.061302681992337,52.8735632183908,0.0,0.05,0.038000000000000006,264.0,0,0,True,#b6b6b6,#00f
2014-04-17,2014,4,17,152.5,10.178571428571429,5.07936507936508,49.503968253968246,0.0,0.0,0.041,291.0,1,1,True,#a4a4a4,#f00
2014-04-18,2014,4,18,187.14285714285717,6.107142857142858,5.3769841269841265,64.78174603174604,0.0,0.0,0.033,287.0,1,1,True,#a7a7a7,#f00
2014-04-19,2014,4,19,265.0,7.571428571428571,10.912698412698417,38.49206349206347,0.0,0.0,0.0495,243.0,0,1,False,#c4c4c4,#f00
2014-04-20,2014,4,20,148.21428571428572,10.25,10.93253968253968,29.960317460317462,0.0,0.0,0.044750000000000005,260.0,0,1,False,#b9b9b9,#f00
2014-04-21,2014,4,21,146.07142857142858,4.321428571428571,10.07936507936508,42.757936507936506,0.0,0.0,0.0325,314.0,1,1,True,#949494,#f00
2014-04-22,2014,4,22,254.64285714285717,8.035714285714286,14.920634920634926,61.60714285714287,0.0,0.01,0.03475,253.0,0,1,False,#bebebe,#f00
2014-04-23,2014,4,23,314.64285714285717,17.857142857142858,13.869047619047615,51.091269841269856,0.0,0.0,0.035250000000000004,283.0,1,1,True,#a9a9a9,#f00
2014-04-24,2014,4,24,320.0,19.892857142857142,10.674603174603174,9.226190476190482,0.0,0.0,0.047,270.0,1,1,True,#b2b2b2,#f00
2014-04-25,2014,4,25,196.66666666666663,8.866666666666667,11.518518518518515,12.129629629629624,0.0,0.02,0.038,288.0,1,0,False,#a6a6a6,#00f
2014-04-26,2014,4,26,163.66666666666666,8.333333333333334,11.870370370370367,70.27777777777779,0.0,0.92,0.04175,220.0,0,1,False,#d4d4d4,#f00
2014-04-27,2014,4,27,315.7142857142857,12.607142857142858,11.468253968253968,53.17460317460318,0.0,0.0,0.035,234.0,0,1,False,#cacaca,#f00
2014-04-28,2014,4,28,403.9285714285714,8.535714285714286,12.519841269841269,41.071428571428584,0.0,0.0,0.045500000000000006,284.0,1,0,False,#a9a9a9,#00f
2014-04-29,2014,4,29,114.64285714285714,11.714285714285715,9.940476190476193,68.55158730158729,0.0,0.03,0.0335,282.0,1,1,True,#aaa,#f00
2014-04-30,2014,4,30,64.13793103448276,11.172413793103447,7.643678160919544,91.18773946360149,0.0,4.97,0.031,217.0,0,0,True,#d6d6d6,#00f
2014-05-01,2014,5,1,192.85714285714286,8.071428571428571,17.559523809523807,77.18253968253967,0.0,0.12,0.035,272.0,1,1,True,#b1b1b1,#f00
2014-05-02,2014,5,2,336.42857142857144,11.928571428571427,18.19444444444445,38.59126984126985,0.0,0.0,0.044500000000000005,241.0,0,1,False,#c6c6c6,#f00
2014-05-03,2014,5,3,267.9310344827586,8.448275862068966,15.93869731800766,38.69731800766285,0.0,0.08,0.04025,251.0,0,1,False,#bfbfbf,#f00
2014-05-04,2014,5,4,233.92857142857144,14.607142857142858,14.444444444444445,53.47222222222222,0.0,0.02,0.0395,289.0,1,1,True,#a5a5a5,#f00
2014-05-05,2014,5,5,333.92857142857144,15.321428571428573,15.09920634920635,17.460317460317462,0.0,0.0,0.03875,410.0,1,1,True,#535353,#f00
2014-05-06,2014,5,6,318.2142857142857,9.714285714285714,15.992063492063492,8.134920634920636,0.0,0.0,0.04,402.0,1,1,True,#595959,#f00
2014-05-07,2014,5,7,260.35714285714283,8.75,15.138888888888884,18.5515873015873,0.0,0.0,0.037000000000000005,479.0,1,1,True,#252525,#f00
2014-05-08,2014,5,8,181.07142857142856,5.642857142857142,13.452380952380958,82.44047619047616,0.0,0.41,0.036000000000000004,435.0,1,1,True,#424242,#f00
2014-05-09,2014,5,9,132.0,5.166666666666667,14.648148148148145,92.31481481481478,0.0,0.04,0.027000000000000003,338.0,1,1,True,#848484,#f00
2014-05-10,2014,5,10,181.78571428571428,7.392857142857142,18.63095238095238,84.92063492063494,0.0,0.37,0.04225,280.0,1,1,True,#ababab,#f00
2014-05-11,2014,5,11,340.35714285714283,10.964285714285712,21.50793650793651,38.492063492063494,0.0,0.03,0.054000000000000006,314.0,1,1,True,#949494,#f00
2014-05-12,2014,5,12,302.5,5.857142857142858,22.79761904761905,38.98809523809523,0.0,0.0,0.04275,509.0,1,1,True,#101010,#f00
2014-05-13,2014,5,13,199.28571428571428,8.107142857142858,19.880952380952387,55.853174603174594,0.0,0.0,0.03466666666666667,462.0,1,1,True,#303030,#f00
2014-05-14,2014,5,14,261.7857142857143,6.357142857142858,13.888888888888884,76.78571428571429,0.0,0.01,0.02475,474.0,1,1,True,#282828,#f00
2014-05-15,2014,5,15,160.71428571428572,5.357142857142857,17.738095238095234,93.15476190476193,0.0,0.15,0.03075,435.0,1,1,True,#424242,#f00
2014-05-16,2014,5,16,167.0,10.433333333333334,17.666666666666668,96.01851851851849,0.0,1.54,0.0305,323.0,1,1,True,#8e8e8e,#f00
2014-05-17,2014,5,17,311.3333333333333,9.133333333333333,16.851851851851855,63.33333333333335,0.0,0.0,0.04775,314.0,1,1,True,#949494,#f00
2014-05-18,2014,5,18,310.0,8.928571428571429,15.734126984126982,36.70634920634922,0.0,0.0,0.0445,317.0,1,1,True,#929292,#f00
2014-05-19,2014,5,19,272.85714285714283,9.607142857142858,16.289682539682538,19.940476190476197,0.0,0.0,0.04725,446.0,1,1,True,#3b3b3b,#f00
2014-05-20,2014,5,20,347.58620689655174,9.06896551724138,19.367816091954023,19.061302681992327,0.0,0.0,0.048,394.0,1,1,True,#5e5e5e,#f00
2014-05-21,2014,5,21,429.28571428571433,8.428571428571429,21.289682539682538,35.714285714285715,0.0,0.0,0.054250000000000013,329.0,1,0,False,#8a8a8a,#00f
2014-05-22,2014,5,22,219.64285714285717,5.357142857142857,17.777777777777782,82.8373015873016,0.0,0.24,0.04050000000000002,340.0,1,1,True,#838383,#f00
2014-05-23,2014,5,23,137.14285714285714,3.4642857142857144,16.765873015873016,86.70634920634924,0.0,0.91,0.037250000000000005,284.0,1,1,True,#a9a9a9,#f00
2014-05-24,2014,5,24,235.35714285714286,7.2142857142857135,16.38888888888889,79.86111111111113,0.0,0.4,0.0295,290.0,1,1,True,#a5a5a5,#f00
2014-05-25,2014,5,25,343.92857142857144,5.214285714285714,19.18650793650794,57.53968253968255,0.0,0.0,0.0435,315.0,1,1,True,#949494,#f00
2014-05-26,2014,5,26,260.7142857142857,10.142857142857142,23.710317460317462,27.777777777777768,0.0,0.0,0.05625,338.0,1,1,True,#848484,#f00
2014-05-27,2014,5,27,251.07142857142856,9.642857142857142,26.329365079365076,35.91269841269842,0.0,0.0,0.06175,391.0,1,0,False,#606060,#00f
2014-05-28,2014,5,28,119.65517241379312,9.24137931034483,17.892720306513407,77.39463601532567,0.0,0.0,0.02225,388.0,1,1,True,#626262,#f00
2014-05-29,2014,5,29,142.14285714285714,8.5,13.928571428571427,65.2777777777778,0.0,0.0,0.0335,327.0,1,1,True,#8c8c8c,#f00
2014-05-30,2014,5,30,178.9285714285714,4.535714285714286,17.579365079365076,52.77777777777778,0.0,0.0,0.04125,259.0,0,1,False,#bababa,#f00
2014-05-31,2014,5,31,145.71428571428572,13.785714285714285,18.76984126984127,50.694444444444464,0.0,0.05,0.03425,263.0,0,0,True,#b7b7b7,#00f
2014-06-01,2014,6,1,167.5,5.392857142857144,18.412698412698415,35.714285714285715,0.0,0.0,0.04775,272.0,1,0,False,#b1b1b1,#00f
2014-06-02,2014,6,2,218.92857142857144,8.892857142857142,20.93253968253968,36.60714285714287,0.0,0.0,0.04825,320.0,1,0,False,#909090,#00f
2014-06-03,2014,6,3,204.28571428571428,7.571428571428571,23.630952380952376,57.73809523809525,0.0,0.12,0.052250000000000005,273.0,1,0,False,#b0b0b0,#00f
2014-06-04,2014,6,4,122.85714285714286,6.25,22.420634920634928,75.49603174603173,0.0,0.0,0.053,297.0,1,0,False,#a0a0a0,#00f
2014-06-05,2014,6,5,156.07142857142858,10.035714285714286,21.11111111111111,70.93253968253967,0.0,0.87,0.039,282.0,1,0,False,#aaa,#00f
2014-06-06,2014,6,6,321.42857142857144,13.178571428571427,20.575396825396822,43.75000000000001,0.0,0.0,0.02125,290.0,1,0,False,#a5a5a5,#00f
2014-06-07,2014,6,7,271.07142857142856,6.392857142857142,22.460317460317462,40.77380952380953,0.0,0.0,0.03925000000000002,241.0,0,0,True,#c6c6c6,#00f
2014-06-08,2014,6,8,217.5,6.7142857142857135,24.166666666666664,43.75000000000001,0.0,0.0,0.05175,262.0,0,0,True,#b7b7b7,#00f
2014-06-09,2014,6,9,150.0,6.09375,20.381944444444443,79.25347222222223,0.0,1.6,0.03175,278.0,1,1,True,#adadad,#f00
2014-06-10,2014,6,10,126.78571428571428,6.428571428571429,21.40873015873016,85.81349206349206,0.0,0.0,0.03075,280.0,1,0,False,#ababab,#00f
2014-06-11,2014,6,11,103.33333333333331,7.3,20.03703703703703,82.68518518518519,0.0,0.02,0.032,232.0,0,0,True,#ccc,#00f
2014-06-12,2014,6,12,128.33333333333334,5.8,18.5,89.9074074074074,0.0,0.07,0.026000000000000002,273.0,1,1,True,#b0b0b0,#f00
2014-06-14,2014,6,14,244.1379310344828,9.586206896551724,21.49425287356322,70.11494252873564,0.0,0.0,0.035500000000000004,191.0,0,0,True,#e8e8e8,#00f
2014-06-15,2014,6,15,355.5172413793104,11.482758620689655,20.498084291187734,50.57471264367816,0.0,0.0,0.029,211.0,0,0,True,#dadada,#00f
2014-06-16,2014,6,16,231.78571428571428,6.5357142857142865,22.83730158730159,49.503968253968246,0.0,0.0,0.04075,259.0,0,0,True,#bababa,#00f
2014-06-17,2014,6,17,212.5,6.25,26.091269841269828,56.74603174603174,0.0,0.0,0.07450000000000001,229.0,0,0,True,#cecece,#00f
2014-06-18,2014,6,18,284.2857142857143,14.0,29.80158730158731,38.59126984126985,0.0,0.0,0.04475,214.0,0,0,True,#d8d8d8,#00f
2014-06-19,2014,6,19,126.55172413793105,8.068965517241379,24.44444444444445,64.84674329501917,0.0,0.15,0.03175,228.0,0,0,True,#cecece,#00f
2014-06-20,2014,6,20,383.9285714285714,10.25,23.25396825396825,32.142857142857146,0.0,0.0,0.037500000000000006,196.0,0,0,True,#e4e4e4,#00f
2014-06-21,2014,6,21,212.85714285714286,9.178571428571429,21.50793650793651,32.4404761904762,0.0,0.0,0.04675,199.0,0,0,True,#e2e2e2,#00f
2014-06-22,2014,6,22,191.78571428571428,5.4642857142857135,21.329365079365086,54.96031746031746,0.0,0.0,0.05975,198.0,0,0,True,#e3e3e3,#00f
2014-06-23,2014,6,23,171.07142857142858,6.178571428571429,22.79761904761905,54.662698412698404,0.0,0.0,0.04625,231.0,0,0,True,#ccc,#00f
2014-06-24,2014,6,24,177.85714285714286,9.714285714285714,23.75,54.76190476190475,0.0,0.0,0.03825,182.0,0,0,True,#eee,#00f
2014-06-25,2014,6,25,184.4827586206896,9.275862068965518,24.65517241379311,73.46743295019158,0.0,0.08,0.03175,192.0,0,0,True,#e7e7e7,#00f
2014-06-26,2014,6,26,296.7857142857143,9.142857142857142,26.07142857142857,69.34523809523809,0.0,0.07,0.0405,192.0,0,0,True,#e7e7e7,#00f
2014-06-27,2014,6,27,175.71428571428572,6.857142857142858,24.484126984126984,60.61507936507938,0.0,0.0,0.04675,206.0,0,0,True,#ddd,#00f
2014-06-28,2014,6,28,162.85714285714286,5.142857142857143,24.18650793650794,44.1468253968254,0.0,0.0,0.05575,176.0,0,0,True,#f2f2f2,#00f
2014-06-29,2014,6,29,210.35714285714286,6.7142857142857135,23.86904761904761,55.853174603174594,0.0,0.0,0.0445,195.0,0,0,True,#e5e5e5,#00f
2014-06-30,2014,6,30,175.71428571428572,7.928571428571429,24.702380952380953,56.74603174603174,0.0,0.0,0.0415,263.0,0,0,True,#b7b7b7,#00f
2014-07-01,2014,7,1,198.57142857142856,9.75,27.460317460317462,60.61507936507935,0.0,0.0,0.04275,193.0,0,0,True,#e6e6e6,#00f
2014-07-02,2014,7,2,219.6551724137931,10.620689655172416,27.988505747126442,67.24137931034484,0.0,0.96,0.042,183.0,0,0,True,#ededed,#00f
2014-07-03,2014,7,3,177.5,5.25,26.210317460317462,80.95238095238095,0.0,1.78,0.052250000000000005,222.0,0,0,True,#d3d3d3,#00f
2014-07-04,2014,7,4,237.93103448275863,11.620689655172415,22.26053639846744,81.41762452107281,0.0,0.14,0.033,174.0,0,0,True,#f3f3f3,#00f
2014-07-05,2014,7,5,294.64285714285717,13.464285714285715,22.57936507936509,35.41666666666667,0.0,0.0,0.02975,210.0,0,0,True,#dbdbdb,#00f
2014-07-06,2014,7,6,262.85714285714283,10.214285714285714,24.722222222222232,34.72222222222222,0.0,0.0,0.0575,225.0,0,0,True,#d1d1d1,#00f
2014-07-07,2014,7,7,219.64285714285717,15.107142857142858,27.40079365079365,46.52777777777778,0.0,0.04,0.07675000000000001,246.0,0,0,True,#c2c2c2,#00f
2014-07-08,2014,7,8,216.78571428571428,12.0,29.00793650793651,50.595238095238116,0.0,0.39,0.063,233.0,0,0,True,#cbcbcb,#00f
2014-07-09,2014,7,9,226.20689655172413,11.89655172413793,26.877394636015325,56.32183908045979,0.0,0.09,0.052000000000000005,212.0,0,0,True,#d9d9d9,#00f
2014-07-10,2014,7,10,199.28571428571428,7.571428571428571,25.218253968253972,56.944444444444464,0.0,0.0,0.05175,198.0,0,0,True,#e3e3e3,#00f
2014-07-11,2014,7,11,144.64285714285714,6.571428571428571,24.920634920634928,50.793650793650805,0.0,0.0,0.054999999999999986,201.0,0,0,True,#e1e1e1,#00f
2014-07-12,2014,7,12,160.0,5.25925925925926,24.835390946502066,62.34567901234568,0.0,0.0,0.05375,167.0,0,0,True,#f8f8f8,#00f
2014-07-13,2014,7,13,179.6,9.64,24.91111111111111,73.55555555555556,0.0,0.03,0.039499999999999987,189.0,0,0,True,#e9e9e9,#00f
2014-07-14,2014,7,14,210.3703703703704,6.333333333333332,25.102880658436213,83.74485596707817,0.0,0.46,0.036000000000000004,233.0,0,0,True,#cbcbcb,#00f
2014-07-15,2014,7,15,159.375,5.46875,24.61805555555557,88.6284722222222,0.0,1.3,0.037000000000000005,181.0,0,0,True,#eee,#00f
2014-07-16,2014,7,16,297.58620689655174,7.241379310344827,23.85057471264368,72.41379310344827,0.0,0.0,0.048,224.0,0,0,True,#d1d1d1,#00f
2014-07-17,2014,7,17,173.21428571428572,7.9642857142857135,23.869047619047624,46.42857142857145,0.0,0.0,0.0445,224.0,0,0,True,#d1d1d1,#00f
2014-07-18,2014,7,18,299.2857142857143,7.2142857142857135,23.84920634920635,38.888888888888886,0.0,0.0,0.05225,182.0,0,0,True,#eee,#00f
2014-07-19,2014,7,19,150.71428571428572,5.5,23.41269841269841,49.8015873015873,0.0,0.0,0.0455,170.0,0,0,True,#f6f6f6,#00f
2014-07-20,2014,7,20,110.35714285714286,8.071428571428571,22.460317460317462,64.18650793650794,0.0,0.0,0.046,170.0,0,0,True,#f6f6f6,#00f
2014-07-21,2014,7,21,204.64285714285717,4.107142857142857,23.472222222222207,65.17857142857143,0.0,0.0,0.0655,239.0,0,0,True,#c7c7c7,#00f
2014-07-22,2014,7,22,269.64285714285717,7.5,25.79365079365079,61.5079365079365,0.0,0.0,0.0575,214.0,0,0,True,#d8d8d8,#00f
2014-07-23,2014,7,23,209.64285714285717,10.107142857142858,27.202380952380942,62.89682539682538,0.0,0.19,0.044250000000000005,200.0,0,0,True,#e1e1e1,#00f
2014-07-24,2014,7,24,273.2142857142857,8.607142857142858,24.781746031746028,66.17063492063491,0.0,0.0,0.036000000000000004,161.0,0,0,True,#fcfcfc,#00f
2014-07-25,2014,7,25,271.07142857142856,9.392857142857142,23.869047619047624,40.87301587301589,0.0,0.0,0.04975,179.0,0,0,True,#f0f0f0,#00f
2014-07-26,2014,7,26,204.64285714285717,9.035714285714286,23.29365079365079,66.3690476190476,0.0,0.0,0.05175,222.0,0,0,True,#d3d3d3,#00f
2014-07-27,2014,7,27,203.2142857142857,8.0,25.476190476190467,71.72619047619047,0.0,0.02,0.052750000000000005,173.0,0,0,True,#f4f4f4,#00f
2014-07-28,2014,7,28,215.7142857142857,11.107142857142858,25.416666666666675,67.1626984126984,0.0,0.19,0.052250000000000005,225.0,0,0,True,#d1d1d1,#00f
2014-07-29,2014,7,29,296.42857142857144,10.357142857142858,21.46825396825397,52.28174603174603,0.0,0.0,0.024333333333333332,249.0,0,0,True,#c0c0c0,#00f
2014-07-30,2014,7,30,315.0,6.857142857142858,22.24206349206349,40.77380952380951,0.0,0.0,0.03966666666666666,184.0,0,0,True,#ececec,#00f
2014-07-31,2014,7,31,233.57142857142856,7.25,23.392857142857146,54.36507936507938,0.0,0.0,0.05300000000000001,203.0,0,0,True,#dfdfdf,#00f
2014-08-01,2014,8,1,197.85714285714286,6.571428571428571,24.464285714285715,73.41269841269845,0.0,0.0,0.04725,157.0,0,0,True,#fff,#00f
2014-08-02,2014,8,2,94.0,6.966666666666668,22.14814814814816,79.07407407407405,0.0,0.41,0.051,176.0,0,0,True,#f2f2f2,#00f
2014-08-03,2014,8,3,180.35714285714286,3.6428571428571432,21.72619047619048,78.7698412698413,0.0,0.07,0.0505,203.0,0,0,True,#dfdfdf,#00f
2014-08-04,2014,8,4,227.74193548387098,6.0,24.17562724014337,72.4910394265233,0.0,0.0,0.05125,227.0,0,0,True,#cfcfcf,#00f
2014-08-05,2014,8,5,298.57142857142856,5.035714285714286,26.38888888888889,54.96031746031746,0.0,0.0,0.068,213.0,0,0,True,#d9d9d9,#00f
2014-08-06,2014,8,6,349.25925925925924,9.518518518518519,25.288065843621396,54.320987654320966,0.0,0.0,0.043,230.0,0,0,True,#cdcdcd,#00f
2014-08-07,2014,8,7,336.2962962962963,9.444444444444443,24.506172839506174,35.08230452674897,0.0,0.0,0.0345,225.0,0,0,True,#d1d1d1,#00f
2014-08-08,2014,8,8,430.3448275862069,8.03448275862069,23.69731800766284,34.77011494252873,0.0,0.0,0.038250000000000006,212.0,0,0,True,#d9d9d9,#00f
2014-08-09,2014,8,9,255.0,4.678571428571429,24.98015873015873,36.01190476190475,0.0,0.0,0.0425,197.0,0,0,True,#e3e3e3,#00f
2014-08-10,2014,8,10,126.07142857142857,5.392857142857144,25.49603174603175,40.77380952380953,0.0,0.0,0.045,190.0,0,0,True,#e8e8e8,#00f
2014-08-11,2014,8,11,164.64285714285714,6.178571428571429,25.37698412698413,45.73412698412699,0.0,0.0,0.045,204.0,0,0,True,#dfdfdf,#00f
2014-08-12,2014,8,12,172.5,10.285714285714286,24.027777777777786,77.18253968253967,0.0,0.19,0.035,217.0,0,0,True,#d6d6d6,#00f
2014-08-13,2014,8,13,244.0625,12.8125,23.940972222222232,77.25694444444444,0.0,0.53,0.03366666666666667,214.0,0,0,True,#d8d8d8,#00f
2014-08-14,2014,8,14,306.07142857142856,10.5,22.36111111111111,46.62698412698411,0.0,0.0,0.04025,203.0,0,0,True,#dfdfdf,#00f
2014-08-15,2014,8,15,277.5,9.714285714285714,20.41666666666666,48.80952380952381,0.0,0.0,0.0305,196.0,0,0,True,#e4e4e4,#00f
2014-08-16,2014,8,16,235.0,8.321428571428571,21.30952380952381,47.12301587301586,0.0,0.0,0.062,186.0,0,0,True,#ebebeb,#00f
2014-08-17,2014,8,17,269.64285714285717,9.071428571428571,23.531746031746035,47.61904761904761,0.0,0.01,0.04225,188.0,0,0,True,#eaeaea,#00f
2014-08-18,2014,8,18,328.92857142857144,8.75,23.095238095238106,44.64285714285715,0.0,0.0,0.03225,231.0,0,0,True,#ccc,#00f
2014-08-19,2014,8,19,163.57142857142858,7.428571428571429,22.5,58.03571428571429,0.0,0.0,0.04666666666666666,188.0,0,0,True,#eaeaea,#00f
2014-08-20,2014,8,20,192.14285714285717,4.714285714285714,24.146825396825395,62.10317460317462,0.0,0.0,0.05225,198.0,0,0,True,#e3e3e3,#00f
2014-08-21,2014,8,21,230.7142857142857,6.5357142857142865,23.432539682539677,66.3690476190476,0.0,0.35,0.048,198.0,0,0,True,#e3e3e3,#00f
2014-08-22,2014,8,22,93.44827586206895,5.137931034482759,21.724137931034488,77.10727969348659,0.0,0.06,0.03375,207.0,0,0,True,#ddd,#00f
2014-08-23,2014,8,23,141.78571428571428,6.571428571428571,21.349206349206348,71.23015873015873,0.0,0.01,0.02633333333333333,171.0,0,0,True,#f5f5f5,#00f
2014-08-24,2014,8,24,151.07142857142858,6.5357142857142865,21.94444444444445,66.56746031746033,0.0,0.0,0.03133333333333333,192.0,0,0,True,#e7e7e7,#00f
2014-08-25,2014,8,25,151.07142857142858,3.5357142857142856,23.591269841269842,56.24999999999999,0.0,0.0,0.033,218.0,0,0,True,#d5d5d5,#00f
2014-08-26,2014,8,26,205.35714285714286,5.142857142857143,25.65476190476189,57.6388888888889,0.0,0.0,0.04633333333333334,192.0,0,0,True,#e7e7e7,#00f
2014-08-27,2014,8,27,287.5,6.821428571428571,26.091269841269852,54.66269841269842,0.0,0.0,0.07233333333333335,252.0,0,0,True,#bebebe,#00f
2014-08-28,2014,8,28,318.57142857142856,12.25,25.29761904761905,43.84920634920636,0.0,0.0,0.03266666666666667,175.0,0,0,True,#f2f2f2,#00f
2014-08-29,2014,8,29,326.07142857142856,7.892857142857142,21.150793650793656,42.559523809523796,0.0,0.0,0.036500000000000005,209.0,0,0,True,#dbdbdb,#00f
2014-08-30,2014,8,30,197.5,4.821428571428571,21.646825396825403,64.08730158730157,0.0,0.0,0.03925000000000002,195.0,0,0,True,#e5e5e5,#00f
2014-08-31,2014,8,31,207.58620689655172,9.586206896551724,26.053639846743287,71.07279693486589,0.0,0.62,0.04275,211.0,0,0,True,#dadada,#00f
2014-09-01,2014,9,1,268.57142857142856,7.5357142857142865,27.24206349206349,72.2222222222222,0.0,0.0,0.04575,206.0,0,0,True,#ddd,#00f
2014-09-02,2014,9,2,230.68965517241367,8.965517241379311,29.233716475095786,61.11111111111111,0.0,0.0,0.05575,269.0,0,0,True,#b3b3b3,#00f
2014-09-03,2014,9,3,333.92857142857144,10.785714285714288,27.103174603174605,44.1468253968254,0.0,0.0,0.0455,231.0,0,0,True,#ccc,#00f
2014-09-04,2014,9,4,112.85714285714286,5.607142857142856,25.53571428571429,48.61111111111114,0.0,0.0,0.0575,248.0,0,0,True,#c1c1c1,#00f
2014-09-06,2014,9,6,205.0,8.392857142857142,26.70634920634921,78.76984126984128,0.0,0.11,0.04775,213.0,0,0,True,#d9d9d9,#00f
2014-09-07,2014,9,7,269.6551724137931,8.172413793103447,22.60536398467433,63.21839080459768,0.0,0.0,0.03225,202.0,0,0,True,#e0e0e0,#00f
2014-09-08,2014,9,8,62.5,8.107142857142858,21.230158730158735,59.42460317460318,0.0,0.0,0.0305,309.0,1,1,True,#989898,#f00
2014-09-09,2014,9,9,44.48275862068966,10.586206896551724,20.15325670498084,71.64750957854406,0.0,0.0,0.026,292.0,1,1,True,#a3a3a3,#f00
2014-09-10,2014,9,10,102.5,8.214285714285714,21.11111111111111,68.15476190476191,0.0,0.0,0.035500000000000004,259.0,0,1,False,#bababa,#f00
2014-09-11,2014,9,11,200.0,9.620689655172416,23.1992337164751,76.14942528735631,0.0,0.0,0.035,282.0,1,0,False,#aaa,#00f
2014-09-12,2014,9,12,296.7857142857143,9.607142857142858,21.62698412698413,51.785714285714256,0.0,0.0,0.034,312.0,1,1,True,#969696,#f00
2014-09-13,2014,9,13,67.5,10.535714285714286,17.738095238095234,73.11507936507934,0.0,0.26,0.02525,295.0,1,1,True,#a1a1a1,#f00
2014-09-14,2014,9,14,365.3571428571428,7.25,16.56746031746032,63.8888888888889,0.0,0.0,0.031,339.0,1,1,True,#838383,#f00
2014-09-15,2014,9,15,286.07142857142856,6.857142857142858,16.94444444444444,53.86904761904764,0.0,0.0,0.03425,534.0,1,1,True,#000,#f00
2014-09-16,2014,9,16,176.4285714285714,5.071428571428571,17.559523809523807,73.31349206349205,0.0,0.37,0.0335,385.0,1,1,True,#646464,#f00
2014-09-17,2014,9,17,322.85714285714283,6.5,18.214285714285715,49.40476190476193,0.0,0.0,0.044333333333333336,384.0,1,1,True,#656565,#f00
2014-09-18,2014,9,18,331.07142857142856,5.0,18.988095238095237,51.48809523809525,0.0,0.0,0.04166666666666666,450.0,1,1,True,#383838,#f00
2014-09-19,2014,9,19,145.0,10.892857142857142,16.488095238095234,57.73809523809523,0.0,0.0,0.03175,428.0,1,1,True,#474747,#f00
2014-09-20,2014,9,20,188.57142857142856,7.178571428571429,19.186507936507933,67.85714285714286,0.0,0.0,0.03950000000000002,463.0,1,1,True,#303030,#f00
2014-09-21,2014,9,21,191.61290322580646,2.806451612903226,21.648745519713263,86.02150537634407,0.0,0.15,0.02625,443.0,1,1,True,#3d3d3d,#f00
2014-09-22,2014,9,22,275.7142857142857,12.0,20.01984126984127,62.30158730158728,0.0,0.0,0.026750000000000003,488.0,1,1,True,#1f1f1f,#f00
2014-09-23,2014,9,23,303.57142857142856,6.0,15.734126984126988,47.023809523809526,0.0,0.0,0.021,489.0,1,1,True,#1e1e1e,#f00
2014-09-24,2014,9,24,63.57142857142857,6.392857142857142,17.500000000000004,67.5595238095238,0.0,0.0,0.02775,481.0,1,1,True,#232323,#f00
2014-09-25,2014,9,25,37.857142857142854,12.464285714285715,16.845238095238088,80.35714285714289,0.0,0.32,0.022000000000000002,372.0,1,1,True,#6d6d6d,#f00
2014-09-26,2014,9,26,193.92857142857144,8.964285714285714,18.76984126984127,61.70634920634921,0.0,0.0,0.03625,376.0,1,1,True,#6a6a6a,#f00
2014-09-27,2014,9,27,127.85714285714286,5.035714285714286,21.36904761904762,52.57936507936508,0.0,0.0,0.04325,357.0,1,1,True,#777,#f00
2014-09-28,2014,9,28,176.4285714285714,2.6785714285714284,22.619047619047624,56.6468253968254,0.0,0.0,0.055,386.0,1,1,True,#646464,#f00
2014-09-29,2014,9,29,207.85714285714286,5.178571428571429,22.083333333333336,63.69047619047621,0.0,0.0,0.01533333333333333,463.0,1,1,True,#303030,#f00
2014-09-30,2014,9,30,140.35714285714286,4.857142857142857,20.31746031746032,74.50396825396827,0.0,0.0,0.01825,361.0,1,1,True,#757575,#f00
2014-10-01,2014,10,1,52.75862068965517,9.655172413793103,17.662835249042143,84.38697318007662,0.0,0.02,0.01525,388.0,1,1,True,#626262,#f00
2014-10-02,2014,10,2,94.64285714285714,8.142857142857142,17.59920634920635,78.86904761904759,0.0,0.0,0.019000000000000003,359.0,1,1,True,#767676,#f00
2014-10-03,2014,10,3,130.35714285714286,5.75,17.559523809523814,69.94047619047618,0.0,0.0,0.0285,299.0,1,1,True,#9e9e9e,#f00
2014-10-04,2014,10,4,201.61290322580646,10.322580645161286,18.458781362007166,82.70609318996416,0.0,1.18,0.027000000000000003,270.0,1,1,True,#b2b2b2,#f00
2014-10-05,2014,10,5,288.2142857142857,12.214285714285715,11.607142857142858,52.380952380952365,0.0,0.0,0.02225,335.0,1,1,True,#868686,#f00
2014-10-06,2014,10,6,140.0,6.607142857142858,13.928571428571427,59.32539682539682,0.0,0.0,0.03625,475.0,1,1,True,#272727,#f00
2014-10-07,2014,10,7,181.42857142857144,10.678571428571429,19.00793650793651,63.8888888888889,0.0,0.06,0.037500000000000006,396.0,1,1,True,#5d5d5d,#f00
2014-10-08,2014,10,8,225.5172413793104,14.20689655172414,19.521072796934867,65.03831417624522,0.0,0.04,0.037500000000000006,429.0,1,1,True,#474747,#f00
2014-10-09,2014,10,9,251.42857142857144,11.285714285714285,16.607142857142858,36.40873015873017,0.0,0.0,0.036000000000000004,321.0,1,1,True,#909090,#f00
2014-10-10,2014,10,10,223.92857142857144,4.535714285714286,14.345238095238097,46.92460317460315,0.0,0.0,0.02125,377.0,1,1,True,#6a6a6a,#f00
2014-10-11,2014,10,11,126.07142857142857,8.035714285714286,12.61904761904762,80.95238095238095,0.0,0.33,0.020000000000000004,295.0,1,1,True,#a1a1a1,#f00
2014-10-12,2014,10,12,173.33333333333337,5.37037037037037,11.625514403292186,70.78189300411522,0.0,0.0,0.03075,371.0,1,1,True,#6e6e6e,#f00
2014-10-13,2014,10,13,105.0,3.7142857142857135,13.928571428571427,75.39682539682539,0.0,0.05,0.028999999999999998,407.0,1,1,True,#555,#f00
2014-10-14,2014,10,14,129.28571428571428,4.535714285714286,20.456349206349206,83.82936507936508,0.0,0.0,0.0305,382.0,1,1,True,#666,#f00
2014-10-15,2014,10,15,171.07142857142858,7.642857142857142,21.746031746031733,85.51587301587303,0.0,0.69,0.03,390.0,1,1,True,#616161,#f00
2014-10-16,2014,10,16,170.0,8.310344827586206,20.68965517241379,83.6206896551724,0.0,1.11,0.029333333333333333,295.0,1,1,True,#a1a1a1,#f00
2014-10-17,2014,10,17,225.35714285714286,10.0,18.01587301587302,68.55158730158729,0.0,0.0,0.03075,322.0,1,1,True,#8f8f8f,#f00
2014-10-18,2014,10,18,232.5,10.25,17.142857142857142,68.15476190476188,0.0,0.0,0.02375,257.0,0,1,False,#bbb,#f00
2014-10-19,2014,10,19,303.57142857142856,15.071428571428573,12.242063492063492,48.21428571428571,0.0,0.0,0.02625,302.0,1,1,True,#9c9c9c,#f00
2014-10-20,2014,10,20,248.92857142857144,7.892857142857142,9.265873015873014,52.48015873015873,0.0,0.0,0.025333333333333333,401.0,1,1,True,#595959,#f00
2014-10-21,2014,10,21,137.5,4.178571428571429,14.68253968253968,69.74206349206351,0.0,0.11,0.03075,338.0,1,1,True,#848484,#f00
2014-10-22,2014,10,22,86.55172413793102,16.24137931034483,13.065134099616857,90.22988505747122,0.0,1.51,0.02125,304.0,1,1,True,#9b9b9b,#f00
2014-10-23,2014,10,23,334.1379310344828,18.13793103448276,11.436781609195403,87.93103448275862,0.0,0.61,0.01675,303.0,1,1,True,#9c9c9c,#f00
2014-10-24,2014,10,24,298.2142857142857,10.928571428571427,13.531746031746028,64.78174603174604,0.0,0.0,0.02075,277.0,1,1,True,#adadad,#f00
2014-10-25,2014,10,25,259.2857142857143,8.928571428571429,14.821428571428573,47.12301587301586,0.0,0.01,0.04025,264.0,0,1,False,#b6b6b6,#f00
2014-10-26,2014,10,26,304.64285714285717,14.035714285714285,15.297619047619047,43.75,0.0,0.0,0.0315,321.0,1,1,True,#909090,#f00
2014-10-27,2014,10,27,276.8965517241379,10.20689655172414,13.716475095785439,43.48659003831418,0.0,0.0,0.02675,386.0,1,1,True,#646464,#f00
2014-10-28,2014,10,28,183.2142857142857,4.285714285714286,14.920634920634926,60.317460317460316,0.0,0.0,0.022,357.0,1,1,True,#777,#f00
2014-10-29,2014,10,29,214.28571428571428,7.2857142857142865,17.103174603174605,73.31349206349205,0.0,0.0,0.026,354.0,1,1,True,#797979,#f00
2014-10-30,2014,10,30,298.92857142857144,7.928571428571429,10.992063492063492,72.42063492063491,0.0,0.0,0.01475,321.0,1,1,True,#909090,#f00
2014-10-31,2014,10,31,112.5,8.5,9.027777777777779,65.77380952380953,0.0,0.05,0.019750000000000004,267.0,0,1,False,#b4b4b4,#f00
2014-11-01,2014,11,1,128.57142857142858,16.607142857142858,8.234126984126984,82.53968253968254,0.0,0.35,0.021,263.0,0,1,False,#b7b7b7,#f00
2014-11-02,2014,11,2,325.7142857142857,22.321428571428577,6.805555555555558,58.53174603174603,0.0,0.0,0.0295,299.0,1,1,True,#9e9e9e,#f00
2014-11-03,2014,11,3,309.64285714285717,12.678571428571427,8.531746031746032,32.638888888888886,0.0,0.0,0.03133333333333333,411.0,1,1,True,#535353,#f00
2014-11-04,2014,11,4,220.0,8.285714285714286,14.662698412698411,8.630952380952385,0.0,0.0,0.022000000000000002,334.0,1,1,True,#878787,#f00
2014-11-05,2014,11,5,229.64285714285717,10.285714285714286,14.960317460317464,43.154761904761884,0.0,0.0,0.018000000000000002,327.0,1,1,True,#8c8c8c,#f00
2014-11-06,2014,11,6,212.90322580645162,4.67741935483871,10.430107526881722,81.27240143369173,0.0,0.37,0.011500000000000002,348.0,1,1,True,#7d7d7d,#f00
2014-11-07,2014,11,7,321.7857142857143,12.035714285714285,9.226190476190476,75.69444444444446,0.0,0.0,0.02125,321.0,1,1,True,#909090,#f00
2014-11-08,2014,11,8,277.14285714285717,9.535714285714286,4.920634920634919,57.936507936507944,0.0,0.0,0.02275,302.0,1,1,True,#9c9c9c,#f00
2014-11-09,2014,11,9,246.42857142857144,8.464285714285714,9.067460317460318,55.05952380952379,0.0,0.0,0.019500000000000003,322.0,1,1,True,#8f8f8f,#f00
2014-11-10,2014,11,10,155.71428571428572,3.9642857142857135,8.908730158730156,56.25,0.0,0.0,0.012,365.0,1,1,True,#727272,#f00
2014-11-11,2014,11,11,186.78571428571428,4.321428571428571,11.170634920634923,79.8611111111111,0.0,0.0,0.027999999999999997,307.0,1,1,True,#999,#f00
2014-11-12,2014,11,12,158.6206896551724,4.310344827586206,15.153256704980846,85.15325670498079,0.0,0.0,0.01325,353.0,1,1,True,#7a7a7a,#f00
2014-11-13,2014,11,13,330.7142857142857,8.607142857142858,6.924603174603172,54.26587301587301,0.0,0.2,0.01475,349.0,1,1,True,#7d7d7d,#f00
2014-11-14,2014,11,14,300.0,11.535714285714285,3.6904761904761902,63.59126984126983,0.0,0.06,0.02475,337.0,1,1,True,#858585,#f00
2014-11-15,2014,11,15,291.07142857142856,8.357142857142858,2.4007936507936507,48.01587301587301,0.0,0.0,0.03025,279.0,1,1,True,#acacac,#f00
2014-11-16,2014,11,16,156.07142857142858,4.428571428571429,2.6587301587301586,61.507936507936535,0.0,0.03,0.019250000000000003,309.0,1,1,True,#989898,#f00
2014-11-17,2014,11,17,101.78571428571428,4.571428571428571,5.892857142857145,88.29365079365074,0.0,1.54,0.02025,352.0,1,1,True,#7b7b7b,#f00
2014-11-18,2014,11,18,268.2142857142857,19.035714285714285,2.043650793650793,50.00000000000001,0.0,0.0,0.02575,351.0,1,1,True,#7b7b7b,#f00
2014-11-19,2014,11,19,249.28571428571428,14.607142857142858,-3.2539682539682544,37.8968253968254,0.0,0.0,0.021333333333333333,325.0,1,1,True,#8d8d8d,#f00
2014-11-20,2014,11,20,228.2142857142857,11.357142857142858,2.3611111111111107,48.11507936507938,0.0,0.0,0.02366666666666667,365.0,1,1,True,#727272,#f00
2014-11-21,2014,11,21,287.14285714285717,12.571428571428573,-0.21825396825396806,34.920634920634924,0.0,0.0,0.02575,286.0,1,1,True,#a7a7a7,#f00
2014-11-22,2014,11,22,217.5,8.464285714285714,0.257936507936508,43.5515873015873,0.0,0.0,0.0165,289.0,1,1,True,#a5a5a5,#f00
2014-11-23,2014,11,23,194.64285714285717,8.107142857142858,8.115079365079366,35.11904761904763,0.0,0.0,0.02,287.0,1,1,True,#a7a7a7,#f00
2014-11-24,2014,11,24,140.68965517241378,11.93103448275862,16.360153256704983,73.75478927203069,0.0,0.7,0.0255,370.0,1,1,True,#6e6e6e,#f00
2014-11-25,2014,11,25,242.14285714285717,12.464285714285715,15.396825396825395,48.611111111111114,0.0,0.0,0.018750000000000003,379.0,1,1,True,#686868,#f00
2014-11-26,2014,11,26,158.6206896551724,10.551724137931034,5.306513409961684,74.80842911877394,0.10344827586206896,1.24,0.017750000000000002,300.0,1,1,True,#9e9e9e,#f00
2014-11-27,2014,11,27,323.10344827586215,8.724137931034482,2.452107279693488,87.16475095785442,0.1724137931034483,0.02,0.0175,256.0,0,1,False,#bcbcbc,#f00
2014-11-28,2014,11,28,323.2142857142857,10.5,0.37698412698412703,66.86507936507937,0.0,0.0,0.027000000000000003,329.0,1,1,True,#8a8a8a,#f00
2014-11-29,2014,11,29,191.78571428571428,4.321428571428571,-1.4880952380952377,60.51587301587302,0.0,0.0,0.02175,354.0,1,1,True,#797979,#f00
2014-11-30,2014,11,30,156.78571428571428,5.4642857142857135,7.16269841269841,61.30952380952383,0.0,0.0,0.02225,304.0,1,1,True,#9b9b9b,#f00
2014-12-01,2014,12,1,248.88888888888889,8.555555555555555,11.090534979423866,69.44444444444447,0.0,0.09,0.025,459.0,1,1,True,#323232,#f00
2014-12-02,2014,12,2,144.28571428571428,12.714285714285715,3.829365079365079,68.35317460317461,0.0,0.08,0.025,396.0,1,1,True,#5d5d5d,#f00
2014-12-03,2014,12,3,150.0,8.633333333333333,6.1111111111111125,95.27777777777771,0.0,0.06,0.01575,369.0,1,1,True,#6f6f6f,#f00
2014-12-04,2014,12,4,293.57142857142856,10.071428571428571,4.484126984126985,58.53174603174603,0.0,0.0,0.02025,357.0,1,1,True,#777,#f00
2014-12-05,2014,12,5,45.714285714285715,9.428571428571429,2.6388888888888893,71.13095238095238,0.0,0.51,0.017666666666666667,349.0,1,1,True,#7d7d7d,#f00
2014-12-06,2014,12,6,51.33333333333334,3.2,6.37037037037037,97.037037037037,0.0,1.22,0.019000000000000003,307.0,1,1,True,#999,#f00
2014-12-07,2014,12,7,137.14285714285714,20.892857142857142,4.047619047619048,63.492063492063494,0.0,0.04,0.029666666666666664,334.0,1,1,True,#878787,#f00
2014-12-08,2014,12,8,22.142857142857146,15.535714285714285,-2.261904761904762,55.8531746031746,0.0,0.0,0.026000000000000002,450.0,1,1,True,#383838,#f00
2014-12-09,2014,12,9,93.79310344827586,18.448275862068964,3.352490421455939,89.55938697318004,0.0,2.54,0.0245,396.0,1,1,True,#5d5d5d,#f00
2014-12-10,2014,12,10,311.7857142857143,14.178571428571427,4.166666666666667,81.44841269841268,0.0,0.08,0.019500000000000003,390.0,1,1,True,#616161,#f00
2014-12-11,2014,12,11,259.64285714285717,15.142857142857142,1.0714285714285716,74.00793650793649,0.0,0.01,0.019500000000000003,394.0,1,1,True,#5e5e5e,#f00
2014-12-12,2014,12,12,289.2857142857143,11.714285714285715,1.4285714285714284,68.45238095238098,0.0,0.0,0.02225,326.0,1,1,True,#8c8c8c,#f00
2014-12-13,2014,12,13,337.6666666666667,12.866666666666667,3.2037037037037037,66.20370370370368,0.0,0.0,0.026,272.0,1,1,True,#b1b1b1,#f00
2014-12-14,2014,12,14,342.14285714285717,11.142857142857142,4.92063492063492,69.84126984126982,0.0,0.0,0.01325,263.0,0,1,False,#b7b7b7,#f00
2014-12-15,2014,12,15,256.7857142857143,4.714285714285714,5.099206349206347,69.64285714285715,0.0,0.0,0.01,440.0,1,1,True,#3f3f3f,#f00
2014-12-16,2014,12,16,41.785714285714285,3.1071428571428568,4.8015873015873,85.01984126984125,0.0,0.2,0.0025,412.0,1,1,True,#525252,#f00
2014-12-17,2014,12,17,225.86206896551724,8.931034482758621,8.639846743295017,83.62068965517243,0.0,0.02,0.015666666666666666,329.0,1,1,True,#8a8a8a,#f00
2014-12-18,2014,12,18,286.42857142857144,15.214285714285715,4.742063492063491,56.74603174603174,0.0,0.0,0.017,353.0,1,1,True,#7a7a7a,#f00
2014-12-19,2014,12,19,308.2142857142857,12.607142857142858,2.6190476190476195,63.4920634920635,0.0,0.0,0.019750000000000004,329.0,1,1,True,#8a8a8a,#f00
2014-12-20,2014,12,20,328.57142857142856,8.142857142857142,0.03968253968253969,69.34523809523809,0.0,0.0,0.02075,310.0,1,1,True,#979797,#f00
2014-12-21,2014,12,21,295.5172413793104,7.689655172413793,0.8045977011494251,75.47892720306515,0.0,0.0,0.01275,292.0,1,1,True,#a3a3a3,#f00
2014-12-22,2014,12,22,53.214285714285715,7.642857142857142,2.9761904761904767,86.60714285714285,0.0,0.04,0.02475,437.0,1,1,True,#414141,#f00
2014-12-23,2014,12,23,35.714285714285715,8.75,7.420634920634923,96.32936507936505,0.0,0.16,0.0245,326.0,1,1,True,#8c8c8c,#f00
2014-12-24,2014,12,24,28.57142857142857,6.321428571428571,8.174603174603174,98.4126984126984,0.0,0.8,0.011500000000000002,310.0,1,1,True,#979797,#f00
2014-12-26,2014,12,26,252.85714285714286,8.785714285714286,6.13095238095238,62.10317460317462,0.0,0.0,0.021,446.0,1,1,True,#3b3b3b,#f00
2014-12-27,2014,12,27,185.0,4.75,6.686507936507938,65.57539682539682,0.0,0.0,0.0115,429.0,1,1,True,#474747,#f00
2014-12-28,2014,12,28,224.28571428571428,6.2857142857142865,8.095238095238098,78.86904761904762,0.0,0.1,0.01675,367.0,1,1,True,#707070,#f00
2014-12-29,2014,12,29,302.85714285714283,9.857142857142858,5.357142857142857,50.29761904761904,0.0,0.0,0.02525,421.0,1,1,True,#4c4c4c,#f00
2014-12-30,2014,12,30,318.2142857142857,9.964285714285714,0.2579365079365079,54.067460317460316,0.0,0.0,0.02,373.0,1,1,True,#6c6c6c,#f00
2014-12-31,2014,12,31,241.07142857142856,8.571428571428571,-2.1230158730158726,49.8015873015873,0.0,0.0,0.02475,254.0,0,1,False,#bdbdbd,#f00
