"Date","AQS_SITE_ID","POC","Daily Mean PM10 Concentration","UNITS","DAILY_AQI_VALUE","DAILY_OBS_COUNT","PERCENT_COMPLETE","AQS_PARAMETER_CODE","AQS_PARAMETER_DESC","CBSA_CODE","CBSA_NAME","STATE_CODE","STATE","COUNTY_CODE","COUNTY","SITE_LATITUDE","SITE_LONGITUDE"
"01/02/2010","340171003","2","21","ug/m3 SC","19","1","100.0000","81102","PM10 Total 0-10um STP","35620","New York-Newark-Jersey City, NY-NJ-PA","34","New Jersey","017","Hudson","40.725454","-74.05229"
"01/08/2010","340171003","2","19","ug/m3 SC","18","1","100.0000","81102","PM10 Total 0-10um STP","35620","New York-Newark-Jersey City, NY-NJ-PA","34","New Jersey","017","Hudson","40.725454","-74.05229"
"02/07/2010","340171003","2","17","ug/m3 SC","16","1","100.0000","81102","PM10 Total 0-10um STP","35620","New York-Newark-Jersey City, NY-NJ-PA","34","New Jersey","017","Hudson","40.725454","-74.05229"
"02/13/2010","340171003","2","11","ug/m3 SC","10","1","100.0000","81102","PM10 Total 0-10um STP","35620","New York-Newark-Jersey City, NY-NJ-PA","34","New Jersey","017","Hudson","40.725454","-74.05229"
"02/19/2010","340171003","2","10","ug/m3 SC","9","1","100.0000","81102","PM10 Total 0-10um STP","35620","New York-Newark-Jersey City, NY-NJ-PA","34","New Jersey","017","Hudson","40.725454","-74.05229"
"02/25/2010","340171003","2","8","ug/m3 SC","7","1","100.0000","81102","PM10 Total 0-10um STP","35620","New York-Newark-Jersey City, NY-NJ-PA","34","New Jersey","017","Hudson","40.725454","-74.05229"
"03/15/2010","340171003","2","7","ug/m3 SC","6","1","100.0000","81102","PM10 Total 0-10um STP","35620","New York-Newark-Jersey City, NY-NJ-PA","34","New Jersey","017","Hudson","40.725454","-74.05229"
"03/21/2010","340171003","2","37","ug/m3 SC","34","1","100.0000","81102","PM10 Total 0-10um STP","35620","New York-Newark-Jersey City, NY-NJ-PA","34","New Jersey","017","Hudson","40.725454","-74.05229"
"03/27/2010","340171003","2","29","ug/m3 SC","27","1","100.0000","81102","PM10 Total 0-10um STP","35620","New York-Newark-Jersey City, NY-NJ-PA","34","New Jersey","017","Hudson","40.725454","-74.05229"
"04/02/2010","340171003","2","19","ug/m3 SC","18","1","100.0000","81102","PM10 Total 0-10um STP","35620","New York-Newark-Jersey City, NY-NJ-PA","34","New Jersey","017","Hudson","40.725454","-74.05229"
"04/08/2010","340171003","2","65","ug/m3 SC","56","1","100.0000","81102","PM10 Total 0-10um STP","35620","New York-Newark-Jersey City, NY-NJ-PA","34","New Jersey","017","Hudson","40.725454","-74.05229"
"04/14/2010","340171003","2","31","ug/m3 SC","29","1","100.0000","81102","PM10 Total 0-10um STP","35620","New York-Newark-Jersey City, NY-NJ-PA","34","New Jersey","017","Hudson","40.725454","-74.05229"
"04/20/2010","340171003","2","28","ug/m3 SC","26","1","100.0000","81102","PM10 Total 0-10um STP","35620","New York-Newark-Jersey City, NY-NJ-PA","34","New Jersey","017","Hudson","40.725454","-74.05229"
"04/26/2010","340171003","2","13","ug/m3 SC","12","1","100.0000","81102","PM10 Total 0-10um STP","35620","New York-Newark-Jersey City, NY-NJ-PA","34","New Jersey","017","Hudson","40.725454","-74.05229"
"05/02/2010","340171003","2","41","ug/m3 SC","38","1","100.0000","81102","PM10 Total 0-10um STP","35620","New York-Newark-Jersey City, NY-NJ-PA","34","New Jersey","017","Hudson","40.725454","-74.05229"
"05/08/2010","340171003","2","65","ug/m3 SC","56","1","100.0000","81102","PM10 Total 0-10um STP","35620","New York-Newark-Jersey City, NY-NJ-PA","34","New Jersey","017","Hudson","40.725454","-74.05229"
"05/14/2010","340171003","2","38","ug/m3 SC","35","1","100.0000","81102","PM10 Total 0-10um STP","35620","New York-Newark-Jersey City, NY-NJ-PA","34","New Jersey","017","Hudson","40.725454","-74.05229"
"05/20/2010","340171003","2","23","ug/m3 SC","21","1","100.0000","81102","PM10 Total 0-10um STP","35620","New York-Newark-Jersey City, NY-NJ-PA","34","New Jersey","017","Hudson","40.725454","-74.05229"
"05/26/2010","340171003","2","32","ug/m3 SC","30","1","100.0000","81102","PM10 Total 0-10um STP","35620","New York-Newark-Jersey City, NY-NJ-PA","34","New Jersey","017","Hudson","40.725454","-74.05229"
"06/01/2010","340171003","2","31","ug/m3 SC","29","1","100.0000","81102","PM10 Total 0-10um STP","35620","New York-Newark-Jersey City, NY-NJ-PA","34","New Jersey","017","Hudson","40.725454","-74.05229"
"06/07/2010","340171003","2","42","ug/m3 SC","39","1","100.0000","81102","PM10 Total 0-10um STP","35620","New York-Newark-Jersey City, NY-NJ-PA","34","New Jersey","017","Hudson","40.725454","-74.05229"
"06/13/2010","340171003","2","31","ug/m3 SC","29","1","100.0000","81102","PM10 Total 0-10um STP","35620","New York-Newark-Jersey City, NY-NJ-PA","34","New Jersey","017","Hudson","40.725454","-74.05229"
"06/19/2010","340171003","2","30","ug/m3 SC","28","1","100.0000","81102","PM10 Total 0-10um STP","35620","New York-Newark-Jersey City, NY-NJ-PA","34","New Jersey","017","Hudson","40.725454","-74.05229"
"06/25/2010","340171003","2","20","ug/m3 SC","19","1","100.0000","81102","PM10 Total 0-10um STP","35620","New York-Newark-Jersey City, NY-NJ-PA","34","New Jersey","017","Hudson","40.725454","-74.05229"
"07/01/2010","340171003","2","18","ug/m3 SC","17","1","100.0000","81102","PM10 Total 0-10um STP","35620","New York-Newark-Jersey City, NY-NJ-PA","34","New Jersey","017","Hudson","40.725454","-74.05229"
"07/07/2010","340171003","2","44","ug/m3 SC","41","1","100.0000","81102","PM10 Total 0-10um STP","35620","New York-Newark-Jersey City, NY-NJ-PA","34","New Jersey","017","Hudson","40.725454","-74.05229"
"07/13/2010","340171003","2","22","ug/m3 SC","20","1","100.0000","81102","PM10 Total 0-10um STP","35620","New York-Newark-Jersey City, NY-NJ-PA","34","New Jersey","017","Hudson","40.725454","-74.05229"
"07/19/2010","340171003","2","36","ug/m3 SC","33","1","100.0000","81102","PM10 Total 0-10um STP","35620","New York-Newark-Jersey City, NY-NJ-PA","34","New Jersey","017","Hudson","40.725454","-74.05229"
"07/25/2010","340171003","2","37","ug/m3 SC","34","1","100.0000","81102","PM10 Total 0-10um STP","35620","New York-Newark-Jersey City, NY-NJ-PA","34","New Jersey","017","Hudson","40.725454","-74.05229"
"07/31/2010","340171003","2","43","ug/m3 SC","40","1","100.0000","81102","PM10 Total 0-10um STP","35620","New York-Newark-Jersey City, NY-NJ-PA","34","New Jersey","017","Hudson","40.725454","-74.05229"
"08/13/2010","340171003","2","58","ug/m3 SC","52","1","100.0000","81102","PM10 Total 0-10um STP","35620","New York-Newark-Jersey City, NY-NJ-PA","34","New Jersey","017","Hudson","40.725454","-74.05229"
"08/18/2010","340171003","2","41","ug/m3 SC","38","1","100.0000","81102","PM10 Total 0-10um STP","35620","New York-Newark-Jersey City, NY-NJ-PA","34","New Jersey","017","Hudson","40.725454","-74.05229"
"08/24/2010","340171003","2","15","ug/m3 SC","14","1","100.0000","81102","PM10 Total 0-10um STP","35620","New York-Newark-Jersey City, NY-NJ-PA","34","New Jersey","017","Hudson","40.725454","-74.05229"
"08/30/2010","340171003","2","42","ug/m3 SC","39","1","100.0000","81102","PM10 Total 0-10um STP","35620","New York-Newark-Jersey City, NY-NJ-PA","34","New Jersey","017","Hudson","40.725454","-74.05229"
"09/05/2010","340171003","2","27","ug/m3 SC","25","1","100.0000","81102","PM10 Total 0-10um STP","35620","New York-Newark-Jersey City, NY-NJ-PA","34","New Jersey","017","Hudson","40.725454","-74.05229"
"09/11/2010","340171003","2","28","ug/m3 SC","26","1","100.0000","81102","PM10 Total 0-10um STP","35620","New York-Newark-Jersey City, NY-NJ-PA","34","New Jersey","017","Hudson","40.725454","-74.05229"
"09/17/2010","340171003","2","17","ug/m3 SC","16","1","100.0000","81102","PM10 Total 0-10um STP","35620","New York-Newark-Jersey City, NY-NJ-PA","34","New Jersey","017","Hudson","40.725454","-74.05229"
"09/23/2010","340171003","2","27","ug/m3 SC","25","1","100.0000","81102","PM10 Total 0-10um STP","35620","New York-Newark-Jersey City, NY-NJ-PA","34","New Jersey","017","Hudson","40.725454","-74.05229"
"09/29/2010","340171003","2","27","ug/m3 SC","25","1","100.0000","81102","PM10 Total 0-10um STP","35620","New York-Newark-Jersey City, NY-NJ-PA","34","New Jersey","017","Hudson","40.725454","-74.05229"
"10/05/2010","340171003","2","10","ug/m3 SC","9","1","100.0000","81102","PM10 Total 0-10um STP","35620","New York-Newark-Jersey City, NY-NJ-PA","34","New Jersey","017","Hudson","40.725454","-74.05229"
"10/11/2010","340171003","2","39","ug/m3 SC","36","1","100.0000","81102","PM10 Total 0-10um STP","35620","New York-Newark-Jersey City, NY-NJ-PA","34","New Jersey","017","Hudson","40.725454","-74.05229"
"10/17/2010","340171003","2","19","ug/m3 SC","18","1","100.0000","81102","PM10 Total 0-10um STP","35620","New York-Newark-Jersey City, NY-NJ-PA","34","New Jersey","017","Hudson","40.725454","-74.05229"
"11/04/2010","340171003","2","11","ug/m3 SC","10","1","100.0000","81102","PM10 Total 0-10um STP","35620","New York-Newark-Jersey City, NY-NJ-PA","34","New Jersey","017","Hudson","40.725454","-74.05229"
"11/10/2010","340171003","2","16","ug/m3 SC","15","1","100.0000","81102","PM10 Total 0-10um STP","35620","New York-Newark-Jersey City, NY-NJ-PA","34","New Jersey","017","Hudson","40.725454","-74.05229"
"11/16/2010","340171003","2","16","ug/m3 SC","15","1","100.0000","81102","PM10 Total 0-10um STP","35620","New York-Newark-Jersey City, NY-NJ-PA","34","New Jersey","017","Hudson","40.725454","-74.05229"
"11/22/2010","340171003","2","25","ug/m3 SC","23","1","100.0000","81102","PM10 Total 0-10um STP","35620","New York-Newark-Jersey City, NY-NJ-PA","34","New Jersey","017","Hudson","40.725454","-74.05229"
"11/28/2010","340171003","2","9","ug/m3 SC","8","1","100.0000","81102","PM10 Total 0-10um STP","35620","New York-Newark-Jersey City, NY-NJ-PA","34","New Jersey","017","Hudson","40.725454","-74.05229"
"12/05/2010","340171003","2","7","ug/m3 SC","6","1","100.0000","81102","PM10 Total 0-10um STP","35620","New York-Newark-Jersey City, NY-NJ-PA","34","New Jersey","017","Hudson","40.725454","-74.05229"
"12/10/2010","340171003","2","33","ug/m3 SC","31","1","100.0000","81102","PM10 Total 0-10um STP","35620","New York-Newark-Jersey City, NY-NJ-PA","34","New Jersey","017","Hudson","40.725454","-74.05229"
"12/16/2010","340171003","2","27","ug/m3 SC","25","1","100.0000","81102","PM10 Total 0-10um STP","35620","New York-Newark-Jersey City, NY-NJ-PA","34","New Jersey","017","Hudson","40.725454","-74.05229"
"01/02/2010","340171003","3","2","ug/m3 SC","2","1","100.0000","81102","PM10 Total 0-10um STP","35620","New York-Newark-Jersey City, NY-NJ-PA","34","New Jersey","017","Hudson","40.725454","-74.05229"
"01/14/2010","340171003","3","44","ug/m3 SC","41","1","100.0000","81102","PM10 Total 0-10um STP","35620","New York-Newark-Jersey City, NY-NJ-PA","34","New Jersey","017","Hudson","40.725454","-74.05229"
"02/07/2010","340171003","3","14","ug/m3 SC","13","1","100.0000","81102","PM10 Total 0-10um STP","35620","New York-Newark-Jersey City, NY-NJ-PA","34","New Jersey","017","Hudson","40.725454","-74.05229"
"02/13/2010","340171003","3","11","ug/m3 SC","10","1","100.0000","81102","PM10 Total 0-10um STP","35620","New York-Newark-Jersey City, NY-NJ-PA","34","New Jersey","017","Hudson","40.725454","-74.05229"
"02/19/2010","340171003","3","9","ug/m3 SC","8","1","100.0000","81102","PM10 Total 0-10um STP","35620","New York-Newark-Jersey City, NY-NJ-PA","34","New Jersey","017","Hudson","40.725454","-74.05229"
"02/25/2010","340171003","3","12","ug/m3 SC","11","1","100.0000","81102","PM10 Total 0-10um STP","35620","New York-Newark-Jersey City, NY-NJ-PA","34","New Jersey","017","Hudson","40.725454","-74.05229"
"03/03/2010","340171003","3","8","ug/m3 SC","7","1","100.0000","81102","PM10 Total 0-10um STP","35620","New York-Newark-Jersey City, NY-NJ-PA","34","New Jersey","017","Hudson","40.725454","-74.05229"
"03/09/2010","340171003","3","26","ug/m3 SC","24","1","100.0000","81102","PM10 Total 0-10um STP","35620","New York-Newark-Jersey City, NY-NJ-PA","34","New Jersey","017","Hudson","40.725454","-74.05229"
"03/15/2010","340171003","3","10","ug/m3 SC","9","1","100.0000","81102","PM10 Total 0-10um STP","35620","New York-Newark-Jersey City, NY-NJ-PA","34","New Jersey","017","Hudson","40.725454","-74.05229"
"03/21/2010","340171003","3","41","ug/m3 SC","38","1","100.0000","81102","PM10 Total 0-10um STP","35620","New York-Newark-Jersey City, NY-NJ-PA","34","New Jersey","017","Hudson","40.725454","-74.05229"
"03/27/2010","340171003","3","16","ug/m3 SC","15","1","100.0000","81102","PM10 Total 0-10um STP","35620","New York-Newark-Jersey City, NY-NJ-PA","34","New Jersey","017","Hudson","40.725454","-74.05229"
"04/02/2010","340171003","3","18","ug/m3 SC","17","1","100.0000","81102","PM10 Total 0-10um STP","35620","New York-Newark-Jersey City, NY-NJ-PA","34","New Jersey","017","Hudson","40.725454","-74.05229"
"04/08/2010","340171003","3","83","ug/m3 SC","65","1","100.0000","81102","PM10 Total 0-10um STP","35620","New York-Newark-Jersey City, NY-NJ-PA","34","New Jersey","017","Hudson","40.725454","-74.05229"
"04/14/2010","340171003","3","35","ug/m3 SC","32","1","100.0000","81102","PM10 Total 0-10um STP","35620","New York-Newark-Jersey City, NY-NJ-PA","34","New Jersey","017","Hudson","40.725454","-74.05229"
"04/20/2010","340171003","3","27","ug/m3 SC","25","1","100.0000","81102","PM10 Total 0-10um STP","35620","New York-Newark-Jersey City, NY-NJ-PA","34","New Jersey","017","Hudson","40.725454","-74.05229"
"04/26/2010","340171003","3","12","ug/m3 SC","11","1","100.0000","81102","PM10 Total 0-10um STP","35620","New York-Newark-Jersey City, NY-NJ-PA","34","New Jersey","017","Hudson","40.725454","-74.05229"
"05/02/2010","340171003","3","44","ug/m3 SC","41","1","100.0000","81102","PM10 Total 0-10um STP","35620","New York-Newark-Jersey City, NY-NJ-PA","34","New Jersey","017","Hudson","40.725454","-74.05229"
"05/08/2010","340171003","3","65","ug/m3 SC","56","1","100.0000","81102","PM10 Total 0-10um STP","35620","New York-Newark-Jersey City, NY-NJ-PA","34","New Jersey","017","Hudson","40.725454","-74.05229"
"05/26/2010","340171003","3","36","ug/m3 SC","33","1","100.0000","81102","PM10 Total 0-10um STP","35620","New York-Newark-Jersey City, NY-NJ-PA","34","New Jersey","017","Hudson","40.725454","-74.05229"
"06/01/2010","340171003","3","32","ug/m3 SC","30","1","100.0000","81102","PM10 Total 0-10um STP","35620","New York-Newark-Jersey City, NY-NJ-PA","34","New Jersey","017","Hudson","40.725454","-74.05229"
"06/07/2010","340171003","3","26","ug/m3 SC","24","1","100.0000","81102","PM10 Total 0-10um STP","35620","New York-Newark-Jersey City, NY-NJ-PA","34","New Jersey","017","Hudson","40.725454","-74.05229"
"06/13/2010","340171003","3","54","ug/m3 SC","50","1","100.0000","81102","PM10 Total 0-10um STP","35620","New York-Newark-Jersey City, NY-NJ-PA","34","New Jersey","017","Hudson","40.725454","-74.05229"
"06/19/2010","340171003","3","31","ug/m3 SC","29","1","100.0000","81102","PM10 Total 0-10um STP","35620","New York-Newark-Jersey City, NY-NJ-PA","34","New Jersey","017","Hudson","40.725454","-74.05229"
"06/25/2010","340171003","3","25","ug/m3 SC","23","1","100.0000","81102","PM10 Total 0-10um STP","35620","New York-Newark-Jersey City, NY-NJ-PA","34","New Jersey","017","Hudson","40.725454","-74.05229"
"07/01/2010","340171003","3","21","ug/m3 SC","19","1","100.0000","81102","PM10 Total 0-10um STP","35620","New York-Newark-Jersey City, NY-NJ-PA","34","New Jersey","017","Hudson","40.725454","-74.05229"
"07/07/2010","340171003","3","55","ug/m3 SC","51","1","100.0000","81102","PM10 Total 0-10um STP","35620","New York-Newark-Jersey City, NY-NJ-PA","34","New Jersey","017","Hudson","40.725454","-74.05229"
"07/13/2010","340171003","3","22","ug/m3 SC","20","1","100.0000","81102","PM10 Total 0-10um STP","35620","New York-Newark-Jersey City, NY-NJ-PA","34","New Jersey","017","Hudson","40.725454","-74.05229"
"07/19/2010","340171003","3","40","ug/m3 SC","37","1","100.0000","81102","PM10 Total 0-10um STP","35620","New York-Newark-Jersey City, NY-NJ-PA","34","New Jersey","017","Hudson","40.725454","-74.05229"
"07/25/2010","340171003","3","34","ug/m3 SC","31","1","100.0000","81102","PM10 Total 0-10um STP","35620","New York-Newark-Jersey City, NY-NJ-PA","34","New Jersey","017","Hudson","40.725454","-74.05229"
"07/31/2010","340171003","3","42","ug/m3 SC","39","1","100.0000","81102","PM10 Total 0-10um STP","35620","New York-Newark-Jersey City, NY-NJ-PA","34","New Jersey","017","Hudson","40.725454","-74.05229"
"08/06/2010","340171003","3","58","ug/m3 SC","52","1","100.0000","81102","PM10 Total 0-10um STP","35620","New York-Newark-Jersey City, NY-NJ-PA","34","New Jersey","017","Hudson","40.725454","-74.05229"
"08/13/2010","340171003","3","47","ug/m3 SC","44","1","100.0000","81102","PM10 Total 0-10um STP","35620","New York-Newark-Jersey City, NY-NJ-PA","34","New Jersey","017","Hudson","40.725454","-74.05229"
"08/18/2010","340171003","3","33","ug/m3 SC","31","1","100.0000","81102","PM10 Total 0-10um STP","35620","New York-Newark-Jersey City, NY-NJ-PA","34","New Jersey","017","Hudson","40.725454","-74.05229"
"08/24/2010","340171003","3","15","ug/m3 SC","14","1","100.0000","81102","PM10 Total 0-10um STP","35620","New York-Newark-Jersey City, NY-NJ-PA","34","New Jersey","017","Hudson","40.725454","-74.05229"
"08/30/2010","340171003","3","35","ug/m3 SC","32","1","100.0000","81102","PM10 Total 0-10um STP","35620","New York-Newark-Jersey City, NY-NJ-PA","34","New Jersey","017","Hudson","40.725454","-74.05229"
"09/05/2010","340171003","3","21","ug/m3 SC","19","1","100.0000","81102","PM10 Total 0-10um STP","35620","New York-Newark-Jersey City, NY-NJ-PA","34","New Jersey","017","Hudson","40.725454","-74.05229"
"09/17/2010","340171003","3","15","ug/m3 SC","14","1","100.0000","81102","PM10 Total 0-10um STP","35620","New York-Newark-Jersey City, NY-NJ-PA","34","New Jersey","017","Hudson","40.725454","-74.05229"
"09/23/2010","340171003","3","27","ug/m3 SC","25","1","100.0000","81102","PM10 Total 0-10um STP","35620","New York-Newark-Jersey City, NY-NJ-PA","34","New Jersey","017","Hudson","40.725454","-74.05229"
"09/29/2010","340171003","3","25","ug/m3 SC","23","1","100.0000","81102","PM10 Total 0-10um STP","35620","New York-Newark-Jersey City, NY-NJ-PA","34","New Jersey","017","Hudson","40.725454","-74.05229"
"10/05/2010","340171003","3","7","ug/m3 SC","6","1","100.0000","81102","PM10 Total 0-10um STP","35620","New York-Newark-Jersey City, NY-NJ-PA","34","New Jersey","017","Hudson","40.725454","-74.05229"
"10/18/2010","340171003","3","16","ug/m3 SC","15","1","100.0000","81102","PM10 Total 0-10um STP","35620","New York-Newark-Jersey City, NY-NJ-PA","34","New Jersey","017","Hudson","40.725454","-74.05229"
"10/23/2010","340171003","3","25","ug/m3 SC","23","1","100.0000","81102","PM10 Total 0-10um STP","35620","New York-Newark-Jersey City, NY-NJ-PA","34","New Jersey","017","Hudson","40.725454","-74.05229"
"10/29/2010","340171003","3","16","ug/m3 SC","15","1","100.0000","81102","PM10 Total 0-10um STP","35620","New York-Newark-Jersey City, NY-NJ-PA","34","New Jersey","017","Hudson","40.725454","-74.05229"
"11/04/2010","340171003","3","13","ug/m3 SC","12","1","100.0000","81102","PM10 Total 0-10um STP","35620","New York-Newark-Jersey City, NY-NJ-PA","34","New Jersey","017","Hudson","40.725454","-74.05229"
"11/10/2010","340171003","3","20","ug/m3 SC","19","1","100.0000","81102","PM10 Total 0-10um STP","35620","New York-Newark-Jersey City, NY-NJ-PA","34","New Jersey","017","Hudson","40.725454","-74.05229"
"11/16/2010","340171003","3","21","ug/m3 SC","19","1","100.0000","81102","PM10 Total 0-10um STP","35620","New York-Newark-Jersey City, NY-NJ-PA","34","New Jersey","017","Hudson","40.725454","-74.05229"
"11/22/2010","340171003","3","33","ug/m3 SC","31","1","100.0000","81102","PM10 Total 0-10um STP","35620","New York-Newark-Jersey City, NY-NJ-PA","34","New Jersey","017","Hudson","40.725454","-74.05229"
"11/28/2010","340171003","3","15","ug/m3 SC","14","1","100.0000","81102","PM10 Total 0-10um STP","35620","New York-Newark-Jersey City, NY-NJ-PA","34","New Jersey","017","Hudson","40.725454","-74.05229"
"12/05/2010","340171003","3","13","ug/m3 SC","12","1","100.0000","81102","PM10 Total 0-10um STP","35620","New York-Newark-Jersey City, NY-NJ-PA","34","New Jersey","017","Hudson","40.725454","-74.05229"
"12/10/2010","340171003","3","33","ug/m3 SC","31","1","100.0000","81102","PM10 Total 0-10um STP","35620","New York-Newark-Jersey City, NY-NJ-PA","34","New Jersey","017","Hudson","40.725454","-74.05229"
"12/16/2010","340171003","3","31","ug/m3 SC","29","1","100.0000","81102","PM10 Total 0-10um STP","35620","New York-Newark-Jersey City, NY-NJ-PA","34","New Jersey","017","Hudson","40.725454","-74.05229"
