"Date","AQS_SITE_ID","POC","Daily Mean PM10 Concentration","UNITS","DAILY_AQI_VALUE","DAILY_OBS_COUNT","PERCENT_COMPLETE","AQS_PARAMETER_CODE","AQS_PARAMETER_DESC","CBSA_CODE","CBSA_NAME","STATE_CODE","STATE","COUNTY_CODE","COUNTY","SITE_LATITUDE","SITE_LONGITUDE"
"01/02/2014","340130003","1","18","ug/m3 SC","17","1","100.0000","81102","PM10 Total 0-10um STP","35620","New York-Newark-Jersey City, NY-NJ-PA","34","New Jersey","013","Essex","40.720989","-74.192892"
"01/05/2014","340130003","1","42","ug/m3 SC","39","1","100.0000","81102","PM10 Total 0-10um STP","35620","New York-Newark-Jersey City, NY-NJ-PA","34","New Jersey","013","Essex","40.720989","-74.192892"
"01/08/2014","340130003","1","16","ug/m3 SC","15","1","100.0000","81102","PM10 Total 0-10um STP","35620","New York-Newark-Jersey City, NY-NJ-PA","34","New Jersey","013","Essex","40.720989","-74.192892"
"01/17/2014","340130003","1","31","ug/m3 SC","29","1","100.0000","81102","PM10 Total 0-10um STP","35620","New York-Newark-Jersey City, NY-NJ-PA","34","New Jersey","013","Essex","40.720989","-74.192892"
"01/20/2014","340130003","1","12","ug/m3 SC","11","1","100.0000","81102","PM10 Total 0-10um STP","35620","New York-Newark-Jersey City, NY-NJ-PA","34","New Jersey","013","Essex","40.720989","-74.192892"
"01/23/2014","340130003","1","14","ug/m3 SC","13","1","100.0000","81102","PM10 Total 0-10um STP","35620","New York-Newark-Jersey City, NY-NJ-PA","34","New Jersey","013","Essex","40.720989","-74.192892"
"01/26/2014","340130003","1","14","ug/m3 SC","13","1","100.0000","81102","PM10 Total 0-10um STP","35620","New York-Newark-Jersey City, NY-NJ-PA","34","New Jersey","013","Essex","40.720989","-74.192892"
"01/29/2014","340130003","1","21","ug/m3 SC","19","1","100.0000","81102","PM10 Total 0-10um STP","35620","New York-Newark-Jersey City, NY-NJ-PA","34","New Jersey","013","Essex","40.720989","-74.192892"
"02/01/2014","340130003","1","47","ug/m3 SC","44","1","100.0000","81102","PM10 Total 0-10um STP","35620","New York-Newark-Jersey City, NY-NJ-PA","34","New Jersey","013","Essex","40.720989","-74.192892"
"02/04/2014","340130003","1","23","ug/m3 SC","21","1","100.0000","81102","PM10 Total 0-10um STP","35620","New York-Newark-Jersey City, NY-NJ-PA","34","New Jersey","013","Essex","40.720989","-74.192892"
"02/07/2014","340130003","1","20","ug/m3 SC","19","1","100.0000","81102","PM10 Total 0-10um STP","35620","New York-Newark-Jersey City, NY-NJ-PA","34","New Jersey","013","Essex","40.720989","-74.192892"
"02/10/2014","340130003","1","20","ug/m3 SC","19","1","100.0000","81102","PM10 Total 0-10um STP","35620","New York-Newark-Jersey City, NY-NJ-PA","34","New Jersey","013","Essex","40.720989","-74.192892"
"02/13/2014","340130003","1","7","ug/m3 SC","6","1","100.0000","81102","PM10 Total 0-10um STP","35620","New York-Newark-Jersey City, NY-NJ-PA","34","New Jersey","013","Essex","40.720989","-74.192892"
"02/16/2014","340130003","1","10","ug/m3 SC","9","1","100.0000","81102","PM10 Total 0-10um STP","35620","New York-Newark-Jersey City, NY-NJ-PA","34","New Jersey","013","Essex","40.720989","-74.192892"
"02/19/2014","340130003","1","50","ug/m3 SC","46","1","100.0000","81102","PM10 Total 0-10um STP","35620","New York-Newark-Jersey City, NY-NJ-PA","34","New Jersey","013","Essex","40.720989","-74.192892"
"02/22/2014","340130003","1","14","ug/m3 SC","13","1","100.0000","81102","PM10 Total 0-10um STP","35620","New York-Newark-Jersey City, NY-NJ-PA","34","New Jersey","013","Essex","40.720989","-74.192892"
"02/25/2014","340130003","1","14","ug/m3 SC","13","1","100.0000","81102","PM10 Total 0-10um STP","35620","New York-Newark-Jersey City, NY-NJ-PA","34","New Jersey","013","Essex","40.720989","-74.192892"
"03/06/2014","340130003","1","20","ug/m3 SC","19","1","100.0000","81102","PM10 Total 0-10um STP","35620","New York-Newark-Jersey City, NY-NJ-PA","34","New Jersey","013","Essex","40.720989","-74.192892"
"03/09/2014","340130003","1","25","ug/m3 SC","23","1","100.0000","81102","PM10 Total 0-10um STP","35620","New York-Newark-Jersey City, NY-NJ-PA","34","New Jersey","013","Essex","40.720989","-74.192892"
"03/12/2014","340130003","1","42","ug/m3 SC","39","1","100.0000","81102","PM10 Total 0-10um STP","35620","New York-Newark-Jersey City, NY-NJ-PA","34","New Jersey","013","Essex","40.720989","-74.192892"
"03/15/2014","340130003","1","16","ug/m3 SC","15","1","100.0000","81102","PM10 Total 0-10um STP","35620","New York-Newark-Jersey City, NY-NJ-PA","34","New Jersey","013","Essex","40.720989","-74.192892"
"03/18/2014","340130003","1","24","ug/m3 SC","22","1","100.0000","81102","PM10 Total 0-10um STP","35620","New York-Newark-Jersey City, NY-NJ-PA","34","New Jersey","013","Essex","40.720989","-74.192892"
"03/21/2014","340130003","1","9","ug/m3 SC","8","1","100.0000","81102","PM10 Total 0-10um STP","35620","New York-Newark-Jersey City, NY-NJ-PA","34","New Jersey","013","Essex","40.720989","-74.192892"
"03/24/2014","340130003","1","7","ug/m3 SC","6","1","100.0000","81102","PM10 Total 0-10um STP","35620","New York-Newark-Jersey City, NY-NJ-PA","34","New Jersey","013","Essex","40.720989","-74.192892"
"03/27/2014","340130003","1","14","ug/m3 SC","13","1","100.0000","81102","PM10 Total 0-10um STP","35620","New York-Newark-Jersey City, NY-NJ-PA","34","New Jersey","013","Essex","40.720989","-74.192892"
"03/30/2014","340130003","1","2","ug/m3 SC","2","1","100.0000","81102","PM10 Total 0-10um STP","35620","New York-Newark-Jersey City, NY-NJ-PA","34","New Jersey","013","Essex","40.720989","-74.192892"
"04/02/2014","340130003","1","26","ug/m3 SC","24","1","100.0000","81102","PM10 Total 0-10um STP","35620","New York-Newark-Jersey City, NY-NJ-PA","34","New Jersey","013","Essex","40.720989","-74.192892"
"04/05/2014","340130003","1","6","ug/m3 SC","6","1","100.0000","81102","PM10 Total 0-10um STP","35620","New York-Newark-Jersey City, NY-NJ-PA","34","New Jersey","013","Essex","40.720989","-74.192892"
"04/08/2014","340130003","1","9","ug/m3 SC","8","1","100.0000","81102","PM10 Total 0-10um STP","35620","New York-Newark-Jersey City, NY-NJ-PA","34","New Jersey","013","Essex","40.720989","-74.192892"
"04/11/2014","340130003","1","16","ug/m3 SC","15","1","100.0000","81102","PM10 Total 0-10um STP","35620","New York-Newark-Jersey City, NY-NJ-PA","34","New Jersey","013","Essex","40.720989","-74.192892"
"04/17/2014","340130003","1","17","ug/m3 SC","16","1","100.0000","81102","PM10 Total 0-10um STP","35620","New York-Newark-Jersey City, NY-NJ-PA","34","New Jersey","013","Essex","40.720989","-74.192892"
"04/20/2014","340130003","1","10","ug/m3 SC","9","1","100.0000","81102","PM10 Total 0-10um STP","35620","New York-Newark-Jersey City, NY-NJ-PA","34","New Jersey","013","Essex","40.720989","-74.192892"
"04/23/2014","340130003","1","8","ug/m3 SC","7","1","100.0000","81102","PM10 Total 0-10um STP","35620","New York-Newark-Jersey City, NY-NJ-PA","34","New Jersey","013","Essex","40.720989","-74.192892"
"04/26/2014","340130003","1","10","ug/m3 SC","9","1","100.0000","81102","PM10 Total 0-10um STP","35620","New York-Newark-Jersey City, NY-NJ-PA","34","New Jersey","013","Essex","40.720989","-74.192892"
"04/29/2014","340130003","1","16","ug/m3 SC","15","1","100.0000","81102","PM10 Total 0-10um STP","35620","New York-Newark-Jersey City, NY-NJ-PA","34","New Jersey","013","Essex","40.720989","-74.192892"
"05/02/2014","340130003","1","12","ug/m3 SC","11","1","100.0000","81102","PM10 Total 0-10um STP","35620","New York-Newark-Jersey City, NY-NJ-PA","34","New Jersey","013","Essex","40.720989","-74.192892"
"05/05/2014","340130003","1","5","ug/m3 SC","5","1","100.0000","81102","PM10 Total 0-10um STP","35620","New York-Newark-Jersey City, NY-NJ-PA","34","New Jersey","013","Essex","40.720989","-74.192892"
"05/08/2014","340130003","1","21","ug/m3 SC","19","1","100.0000","81102","PM10 Total 0-10um STP","35620","New York-Newark-Jersey City, NY-NJ-PA","34","New Jersey","013","Essex","40.720989","-74.192892"
"05/11/2014","340130003","1","14","ug/m3 SC","13","1","100.0000","81102","PM10 Total 0-10um STP","35620","New York-Newark-Jersey City, NY-NJ-PA","34","New Jersey","013","Essex","40.720989","-74.192892"
"05/14/2014","340130003","1","19","ug/m3 SC","18","1","100.0000","81102","PM10 Total 0-10um STP","35620","New York-Newark-Jersey City, NY-NJ-PA","34","New Jersey","013","Essex","40.720989","-74.192892"
"05/17/2014","340130003","1","9","ug/m3 SC","8","1","100.0000","81102","PM10 Total 0-10um STP","35620","New York-Newark-Jersey City, NY-NJ-PA","34","New Jersey","013","Essex","40.720989","-74.192892"
"05/20/2014","340130003","1","13","ug/m3 SC","12","1","100.0000","81102","PM10 Total 0-10um STP","35620","New York-Newark-Jersey City, NY-NJ-PA","34","New Jersey","013","Essex","40.720989","-74.192892"
"05/23/2014","340130003","1","19","ug/m3 SC","18","1","100.0000","81102","PM10 Total 0-10um STP","35620","New York-Newark-Jersey City, NY-NJ-PA","34","New Jersey","013","Essex","40.720989","-74.192892"
"05/26/2014","340130003","1","20","ug/m3 SC","19","1","100.0000","81102","PM10 Total 0-10um STP","35620","New York-Newark-Jersey City, NY-NJ-PA","34","New Jersey","013","Essex","40.720989","-74.192892"
"05/29/2014","340130003","1","12","ug/m3 SC","11","1","100.0000","81102","PM10 Total 0-10um STP","35620","New York-Newark-Jersey City, NY-NJ-PA","34","New Jersey","013","Essex","40.720989","-74.192892"
"06/01/2014","340130003","1","13","ug/m3 SC","12","1","100.0000","81102","PM10 Total 0-10um STP","35620","New York-Newark-Jersey City, NY-NJ-PA","34","New Jersey","013","Essex","40.720989","-74.192892"
"06/04/2014","340130003","1","25","ug/m3 SC","23","1","100.0000","81102","PM10 Total 0-10um STP","35620","New York-Newark-Jersey City, NY-NJ-PA","34","New Jersey","013","Essex","40.720989","-74.192892"
"06/07/2014","340130003","1","9","ug/m3 SC","8","1","100.0000","81102","PM10 Total 0-10um STP","35620","New York-Newark-Jersey City, NY-NJ-PA","34","New Jersey","013","Essex","40.720989","-74.192892"
"06/10/2014","340130003","1","32","ug/m3 SC","30","1","100.0000","81102","PM10 Total 0-10um STP","35620","New York-Newark-Jersey City, NY-NJ-PA","34","New Jersey","013","Essex","40.720989","-74.192892"
"06/13/2014","340130003","1","11","ug/m3 SC","10","1","100.0000","81102","PM10 Total 0-10um STP","35620","New York-Newark-Jersey City, NY-NJ-PA","34","New Jersey","013","Essex","40.720989","-74.192892"
"06/16/2014","340130003","1","15","ug/m3 SC","14","1","100.0000","81102","PM10 Total 0-10um STP","35620","New York-Newark-Jersey City, NY-NJ-PA","34","New Jersey","013","Essex","40.720989","-74.192892"
"06/19/2014","340130003","1","13","ug/m3 SC","12","1","100.0000","81102","PM10 Total 0-10um STP","35620","New York-Newark-Jersey City, NY-NJ-PA","34","New Jersey","013","Essex","40.720989","-74.192892"
"06/22/2014","340130003","1","16","ug/m3 SC","15","1","100.0000","81102","PM10 Total 0-10um STP","35620","New York-Newark-Jersey City, NY-NJ-PA","34","New Jersey","013","Essex","40.720989","-74.192892"
"06/25/2014","340130003","1","18","ug/m3 SC","17","1","100.0000","81102","PM10 Total 0-10um STP","35620","New York-Newark-Jersey City, NY-NJ-PA","34","New Jersey","013","Essex","40.720989","-74.192892"
"06/28/2014","340130003","1","16","ug/m3 SC","15","1","100.0000","81102","PM10 Total 0-10um STP","35620","New York-Newark-Jersey City, NY-NJ-PA","34","New Jersey","013","Essex","40.720989","-74.192892"
"07/01/2014","340130003","1","20","ug/m3 SC","19","1","100.0000","81102","PM10 Total 0-10um STP","35620","New York-Newark-Jersey City, NY-NJ-PA","34","New Jersey","013","Essex","40.720989","-74.192892"
"07/04/2014","340130003","1","11","ug/m3 SC","10","1","100.0000","81102","PM10 Total 0-10um STP","35620","New York-Newark-Jersey City, NY-NJ-PA","34","New Jersey","013","Essex","40.720989","-74.192892"
"07/07/2014","340130003","1","24","ug/m3 SC","22","1","100.0000","81102","PM10 Total 0-10um STP","35620","New York-Newark-Jersey City, NY-NJ-PA","34","New Jersey","013","Essex","40.720989","-74.192892"
"07/10/2014","340130003","1","19","ug/m3 SC","18","1","100.0000","81102","PM10 Total 0-10um STP","35620","New York-Newark-Jersey City, NY-NJ-PA","34","New Jersey","013","Essex","40.720989","-74.192892"
"07/13/2014","340130003","1","13","ug/m3 SC","12","1","100.0000","81102","PM10 Total 0-10um STP","35620","New York-Newark-Jersey City, NY-NJ-PA","34","New Jersey","013","Essex","40.720989","-74.192892"
"07/16/2014","340130003","1","13","ug/m3 SC","12","1","100.0000","81102","PM10 Total 0-10um STP","35620","New York-Newark-Jersey City, NY-NJ-PA","34","New Jersey","013","Essex","40.720989","-74.192892"
"07/19/2014","340130003","1","17","ug/m3 SC","16","1","100.0000","81102","PM10 Total 0-10um STP","35620","New York-Newark-Jersey City, NY-NJ-PA","34","New Jersey","013","Essex","40.720989","-74.192892"
"07/22/2014","340130003","1","16","ug/m3 SC","15","1","100.0000","81102","PM10 Total 0-10um STP","35620","New York-Newark-Jersey City, NY-NJ-PA","34","New Jersey","013","Essex","40.720989","-74.192892"
"07/28/2014","340130003","1","8","ug/m3 SC","7","1","100.0000","81102","PM10 Total 0-10um STP","35620","New York-Newark-Jersey City, NY-NJ-PA","34","New Jersey","013","Essex","40.720989","-74.192892"
"07/31/2014","340130003","1","20","ug/m3 SC","19","1","100.0000","81102","PM10 Total 0-10um STP","35620","New York-Newark-Jersey City, NY-NJ-PA","34","New Jersey","013","Essex","40.720989","-74.192892"
"08/03/2014","340130003","1","16","ug/m3 SC","15","1","100.0000","81102","PM10 Total 0-10um STP","35620","New York-Newark-Jersey City, NY-NJ-PA","34","New Jersey","013","Essex","40.720989","-74.192892"
"08/06/2014","340130003","1","8","ug/m3 SC","7","1","100.0000","81102","PM10 Total 0-10um STP","35620","New York-Newark-Jersey City, NY-NJ-PA","34","New Jersey","013","Essex","40.720989","-74.192892"
"08/09/2014","340130003","1","11","ug/m3 SC","10","1","100.0000","81102","PM10 Total 0-10um STP","35620","New York-Newark-Jersey City, NY-NJ-PA","34","New Jersey","013","Essex","40.720989","-74.192892"
"08/12/2014","340130003","1","19","ug/m3 SC","18","1","100.0000","81102","PM10 Total 0-10um STP","35620","New York-Newark-Jersey City, NY-NJ-PA","34","New Jersey","013","Essex","40.720989","-74.192892"
"08/21/2014","340130003","1","13","ug/m3 SC","12","1","100.0000","81102","PM10 Total 0-10um STP","35620","New York-Newark-Jersey City, NY-NJ-PA","34","New Jersey","013","Essex","40.720989","-74.192892"
"08/24/2014","340130003","1","9","ug/m3 SC","8","1","100.0000","81102","PM10 Total 0-10um STP","35620","New York-Newark-Jersey City, NY-NJ-PA","34","New Jersey","013","Essex","40.720989","-74.192892"
"08/27/2014","340130003","1","23","ug/m3 SC","21","1","100.0000","81102","PM10 Total 0-10um STP","35620","New York-Newark-Jersey City, NY-NJ-PA","34","New Jersey","013","Essex","40.720989","-74.192892"
"08/30/2014","340130003","1","14","ug/m3 SC","13","1","100.0000","81102","PM10 Total 0-10um STP","35620","New York-Newark-Jersey City, NY-NJ-PA","34","New Jersey","013","Essex","40.720989","-74.192892"
"09/02/2014","340130003","1","23","ug/m3 SC","21","1","100.0000","81102","PM10 Total 0-10um STP","35620","New York-Newark-Jersey City, NY-NJ-PA","34","New Jersey","013","Essex","40.720989","-74.192892"
"09/05/2014","340130003","1","23","ug/m3 SC","21","1","100.0000","81102","PM10 Total 0-10um STP","35620","New York-Newark-Jersey City, NY-NJ-PA","34","New Jersey","013","Essex","40.720989","-74.192892"
"09/08/2014","340130003","1","14","ug/m3 SC","13","1","100.0000","81102","PM10 Total 0-10um STP","35620","New York-Newark-Jersey City, NY-NJ-PA","34","New Jersey","013","Essex","40.720989","-74.192892"
"09/11/2014","340130003","1","17","ug/m3 SC","16","1","100.0000","81102","PM10 Total 0-10um STP","35620","New York-Newark-Jersey City, NY-NJ-PA","34","New Jersey","013","Essex","40.720989","-74.192892"
"09/14/2014","340130003","1","5","ug/m3 SC","5","1","100.0000","81102","PM10 Total 0-10um STP","35620","New York-Newark-Jersey City, NY-NJ-PA","34","New Jersey","013","Essex","40.720989","-74.192892"
"09/17/2014","340130003","1","9","ug/m3 SC","8","1","100.0000","81102","PM10 Total 0-10um STP","35620","New York-Newark-Jersey City, NY-NJ-PA","34","New Jersey","013","Essex","40.720989","-74.192892"
"09/20/2014","340130003","1","21","ug/m3 SC","19","1","100.0000","81102","PM10 Total 0-10um STP","35620","New York-Newark-Jersey City, NY-NJ-PA","34","New Jersey","013","Essex","40.720989","-74.192892"
"09/23/2014","340130003","1","12","ug/m3 SC","11","1","100.0000","81102","PM10 Total 0-10um STP","35620","New York-Newark-Jersey City, NY-NJ-PA","34","New Jersey","013","Essex","40.720989","-74.192892"
"09/26/2014","340130003","1","12","ug/m3 SC","11","1","100.0000","81102","PM10 Total 0-10um STP","35620","New York-Newark-Jersey City, NY-NJ-PA","34","New Jersey","013","Essex","40.720989","-74.192892"
"09/29/2014","340130003","1","25","ug/m3 SC","23","1","100.0000","81102","PM10 Total 0-10um STP","35620","New York-Newark-Jersey City, NY-NJ-PA","34","New Jersey","013","Essex","40.720989","-74.192892"
"10/02/2014","340130003","1","8","ug/m3 SC","7","1","100.0000","81102","PM10 Total 0-10um STP","35620","New York-Newark-Jersey City, NY-NJ-PA","34","New Jersey","013","Essex","40.720989","-74.192892"
"10/05/2014","340130003","1","11","ug/m3 SC","10","1","100.0000","81102","PM10 Total 0-10um STP","35620","New York-Newark-Jersey City, NY-NJ-PA","34","New Jersey","013","Essex","40.720989","-74.192892"
"10/08/2014","340130003","1","10","ug/m3 SC","9","1","100.0000","81102","PM10 Total 0-10um STP","35620","New York-Newark-Jersey City, NY-NJ-PA","34","New Jersey","013","Essex","40.720989","-74.192892"
"10/11/2014","340130003","1","9","ug/m3 SC","8","1","100.0000","81102","PM10 Total 0-10um STP","35620","New York-Newark-Jersey City, NY-NJ-PA","34","New Jersey","013","Essex","40.720989","-74.192892"
"10/14/2014","340130003","1","14","ug/m3 SC","13","1","100.0000","81102","PM10 Total 0-10um STP","35620","New York-Newark-Jersey City, NY-NJ-PA","34","New Jersey","013","Essex","40.720989","-74.192892"
"10/17/2014","340130003","1","12","ug/m3 SC","11","1","100.0000","81102","PM10 Total 0-10um STP","35620","New York-Newark-Jersey City, NY-NJ-PA","34","New Jersey","013","Essex","40.720989","-74.192892"
"10/20/2014","340130003","1","10","ug/m3 SC","9","1","100.0000","81102","PM10 Total 0-10um STP","35620","New York-Newark-Jersey City, NY-NJ-PA","34","New Jersey","013","Essex","40.720989","-74.192892"
"10/23/2014","340130003","1","2","ug/m3 SC","2","1","100.0000","81102","PM10 Total 0-10um STP","35620","New York-Newark-Jersey City, NY-NJ-PA","34","New Jersey","013","Essex","40.720989","-74.192892"
"10/26/2014","340130003","1","8","ug/m3 SC","7","1","100.0000","81102","PM10 Total 0-10um STP","35620","New York-Newark-Jersey City, NY-NJ-PA","34","New Jersey","013","Essex","40.720989","-74.192892"
"10/29/2014","340130003","1","16","ug/m3 SC","15","1","100.0000","81102","PM10 Total 0-10um STP","35620","New York-Newark-Jersey City, NY-NJ-PA","34","New Jersey","013","Essex","40.720989","-74.192892"
"11/01/2014","340130003","1","4","ug/m3 SC","4","1","100.0000","81102","PM10 Total 0-10um STP","35620","New York-Newark-Jersey City, NY-NJ-PA","34","New Jersey","013","Essex","40.720989","-74.192892"
"11/04/2014","340130003","1","17","ug/m3 SC","16","1","100.0000","81102","PM10 Total 0-10um STP","35620","New York-Newark-Jersey City, NY-NJ-PA","34","New Jersey","013","Essex","40.720989","-74.192892"
"11/07/2014","340130003","1","3","ug/m3 SC","3","1","100.0000","81102","PM10 Total 0-10um STP","35620","New York-Newark-Jersey City, NY-NJ-PA","34","New Jersey","013","Essex","40.720989","-74.192892"
"11/10/2014","340130003","1","21","ug/m3 SC","19","1","100.0000","81102","PM10 Total 0-10um STP","35620","New York-Newark-Jersey City, NY-NJ-PA","34","New Jersey","013","Essex","40.720989","-74.192892"
"11/13/2014","340130003","1","8","ug/m3 SC","7","1","100.0000","81102","PM10 Total 0-10um STP","35620","New York-Newark-Jersey City, NY-NJ-PA","34","New Jersey","013","Essex","40.720989","-74.192892"
"11/16/2014","340130003","1","17","ug/m3 SC","16","1","100.0000","81102","PM10 Total 0-10um STP","35620","New York-Newark-Jersey City, NY-NJ-PA","34","New Jersey","013","Essex","40.720989","-74.192892"
"11/19/2014","340130003","1","9","ug/m3 SC","8","1","100.0000","81102","PM10 Total 0-10um STP","35620","New York-Newark-Jersey City, NY-NJ-PA","34","New Jersey","013","Essex","40.720989","-74.192892"
"11/22/2014","340130003","1","19","ug/m3 SC","18","1","100.0000","81102","PM10 Total 0-10um STP","35620","New York-Newark-Jersey City, NY-NJ-PA","34","New Jersey","013","Essex","40.720989","-74.192892"
"11/25/2014","340130003","1","8","ug/m3 SC","7","1","100.0000","81102","PM10 Total 0-10um STP","35620","New York-Newark-Jersey City, NY-NJ-PA","34","New Jersey","013","Essex","40.720989","-74.192892"
"11/28/2014","340130003","1","6","ug/m3 SC","6","1","100.0000","81102","PM10 Total 0-10um STP","35620","New York-Newark-Jersey City, NY-NJ-PA","34","New Jersey","013","Essex","40.720989","-74.192892"
"12/01/2014","340130003","1","15","ug/m3 SC","14","1","100.0000","81102","PM10 Total 0-10um STP","35620","New York-Newark-Jersey City, NY-NJ-PA","34","New Jersey","013","Essex","40.720989","-74.192892"
"12/04/2014","340130003","1","12","ug/m3 SC","11","1","100.0000","81102","PM10 Total 0-10um STP","35620","New York-Newark-Jersey City, NY-NJ-PA","34","New Jersey","013","Essex","40.720989","-74.192892"
"12/07/2014","340130003","1","4","ug/m3 SC","4","1","100.0000","81102","PM10 Total 0-10um STP","35620","New York-Newark-Jersey City, NY-NJ-PA","34","New Jersey","013","Essex","40.720989","-74.192892"
"12/13/2014","340130003","1","4","ug/m3 SC","4","1","100.0000","81102","PM10 Total 0-10um STP","35620","New York-Newark-Jersey City, NY-NJ-PA","34","New Jersey","013","Essex","40.720989","-74.192892"
"12/16/2014","340130003","1","26","ug/m3 SC","24","1","100.0000","81102","PM10 Total 0-10um STP","35620","New York-Newark-Jersey City, NY-NJ-PA","34","New Jersey","013","Essex","40.720989","-74.192892"
"12/19/2014","340130003","1","3","ug/m3 SC","3","1","100.0000","81102","PM10 Total 0-10um STP","35620","New York-Newark-Jersey City, NY-NJ-PA","34","New Jersey","013","Essex","40.720989","-74.192892"
"12/22/2014","340130003","1","17","ug/m3 SC","16","1","100.0000","81102","PM10 Total 0-10um STP","35620","New York-Newark-Jersey City, NY-NJ-PA","34","New Jersey","013","Essex","40.720989","-74.192892"
"12/25/2014","340130003","1","3","ug/m3 SC","3","1","100.0000","81102","PM10 Total 0-10um STP","35620","New York-Newark-Jersey City, NY-NJ-PA","34","New Jersey","013","Essex","40.720989","-74.192892"
"12/28/2014","340130003","1","10","ug/m3 SC","9","1","100.0000","81102","PM10 Total 0-10um STP","35620","New York-Newark-Jersey City, NY-NJ-PA","34","New Jersey","013","Essex","40.720989","-74.192892"
"12/31/2014","340130003","1","7","ug/m3 SC","6","1","100.0000","81102","PM10 Total 0-10um STP","35620","New York-Newark-Jersey City, NY-NJ-PA","34","New Jersey","013","Essex","40.720989","-74.192892"
"01/05/2014","340171003","2","37","ug/m3 SC","34","1","100.0000","81102","PM10 Total 0-10um STP","35620","New York-Newark-Jersey City, NY-NJ-PA","34","New Jersey","017","Hudson","40.725454","-74.05229"
"01/11/2014","340171003","2","9","ug/m3 SC","8","1","100.0000","81102","PM10 Total 0-10um STP","35620","New York-Newark-Jersey City, NY-NJ-PA","34","New Jersey","017","Hudson","40.725454","-74.05229"
"01/17/2014","340171003","2","29","ug/m3 SC","27","1","100.0000","81102","PM10 Total 0-10um STP","35620","New York-Newark-Jersey City, NY-NJ-PA","34","New Jersey","017","Hudson","40.725454","-74.05229"
"01/29/2014","340171003","2","22","ug/m3 SC","20","1","100.0000","81102","PM10 Total 0-10um STP","35620","New York-Newark-Jersey City, NY-NJ-PA","34","New Jersey","017","Hudson","40.725454","-74.05229"
"02/10/2014","340171003","2","24","ug/m3 SC","22","1","100.0000","81102","PM10 Total 0-10um STP","35620","New York-Newark-Jersey City, NY-NJ-PA","34","New Jersey","017","Hudson","40.725454","-74.05229"
"02/16/2014","340171003","2","10","ug/m3 SC","9","1","100.0000","81102","PM10 Total 0-10um STP","35620","New York-Newark-Jersey City, NY-NJ-PA","34","New Jersey","017","Hudson","40.725454","-74.05229"
"02/22/2014","340171003","2","19","ug/m3 SC","18","1","100.0000","81102","PM10 Total 0-10um STP","35620","New York-Newark-Jersey City, NY-NJ-PA","34","New Jersey","017","Hudson","40.725454","-74.05229"
"03/06/2014","340171003","2","20","ug/m3 SC","19","1","100.0000","81102","PM10 Total 0-10um STP","35620","New York-Newark-Jersey City, NY-NJ-PA","34","New Jersey","017","Hudson","40.725454","-74.05229"
"03/12/2014","340171003","2","38","ug/m3 SC","35","1","100.0000","81102","PM10 Total 0-10um STP","35620","New York-Newark-Jersey City, NY-NJ-PA","34","New Jersey","017","Hudson","40.725454","-74.05229"
"03/18/2014","340171003","2","22","ug/m3 SC","20","1","100.0000","81102","PM10 Total 0-10um STP","35620","New York-Newark-Jersey City, NY-NJ-PA","34","New Jersey","017","Hudson","40.725454","-74.05229"
"03/24/2014","340171003","2","8","ug/m3 SC","7","1","100.0000","81102","PM10 Total 0-10um STP","35620","New York-Newark-Jersey City, NY-NJ-PA","34","New Jersey","017","Hudson","40.725454","-74.05229"
"03/27/2014","340171003","2","15","ug/m3 SC","14","1","100.0000","81102","PM10 Total 0-10um STP","35620","New York-Newark-Jersey City, NY-NJ-PA","34","New Jersey","017","Hudson","40.725454","-74.05229"
"03/30/2014","340171003","2","4","ug/m3 SC","4","1","100.0000","81102","PM10 Total 0-10um STP","35620","New York-Newark-Jersey City, NY-NJ-PA","34","New Jersey","017","Hudson","40.725454","-74.05229"
"04/05/2014","340171003","2","8","ug/m3 SC","7","1","100.0000","81102","PM10 Total 0-10um STP","35620","New York-Newark-Jersey City, NY-NJ-PA","34","New Jersey","017","Hudson","40.725454","-74.05229"
"04/11/2014","340171003","2","23","ug/m3 SC","21","1","100.0000","81102","PM10 Total 0-10um STP","35620","New York-Newark-Jersey City, NY-NJ-PA","34","New Jersey","017","Hudson","40.725454","-74.05229"
"04/17/2014","340171003","2","13","ug/m3 SC","12","1","100.0000","81102","PM10 Total 0-10um STP","35620","New York-Newark-Jersey City, NY-NJ-PA","34","New Jersey","017","Hudson","40.725454","-74.05229"
"04/23/2014","340171003","2","20","ug/m3 SC","19","1","100.0000","81102","PM10 Total 0-10um STP","35620","New York-Newark-Jersey City, NY-NJ-PA","34","New Jersey","017","Hudson","40.725454","-74.05229"
"04/29/2014","340171003","2","13","ug/m3 SC","12","1","100.0000","81102","PM10 Total 0-10um STP","35620","New York-Newark-Jersey City, NY-NJ-PA","34","New Jersey","017","Hudson","40.725454","-74.05229"
"05/05/2014","340171003","2","17","ug/m3 SC","16","1","100.0000","81102","PM10 Total 0-10um STP","35620","New York-Newark-Jersey City, NY-NJ-PA","34","New Jersey","017","Hudson","40.725454","-74.05229"
"05/11/2014","340171003","2","16","ug/m3 SC","15","1","100.0000","81102","PM10 Total 0-10um STP","35620","New York-Newark-Jersey City, NY-NJ-PA","34","New Jersey","017","Hudson","40.725454","-74.05229"
"05/17/2014","340171003","2","12","ug/m3 SC","11","1","100.0000","81102","PM10 Total 0-10um STP","35620","New York-Newark-Jersey City, NY-NJ-PA","34","New Jersey","017","Hudson","40.725454","-74.05229"
"05/23/2014","340171003","2","23","ug/m3 SC","21","1","100.0000","81102","PM10 Total 0-10um STP","35620","New York-Newark-Jersey City, NY-NJ-PA","34","New Jersey","017","Hudson","40.725454","-74.05229"
"05/29/2014","340171003","2","18","ug/m3 SC","17","1","100.0000","81102","PM10 Total 0-10um STP","35620","New York-Newark-Jersey City, NY-NJ-PA","34","New Jersey","017","Hudson","40.725454","-74.05229"
"06/04/2014","340171003","2","32","ug/m3 SC","30","1","100.0000","81102","PM10 Total 0-10um STP","35620","New York-Newark-Jersey City, NY-NJ-PA","34","New Jersey","017","Hudson","40.725454","-74.05229"
"06/22/2014","340171003","2","22","ug/m3 SC","20","1","100.0000","81102","PM10 Total 0-10um STP","35620","New York-Newark-Jersey City, NY-NJ-PA","34","New Jersey","017","Hudson","40.725454","-74.05229"
"06/28/2014","340171003","2","21","ug/m3 SC","19","1","100.0000","81102","PM10 Total 0-10um STP","35620","New York-Newark-Jersey City, NY-NJ-PA","34","New Jersey","017","Hudson","40.725454","-74.05229"
"07/04/2014","340171003","2","13","ug/m3 SC","12","1","100.0000","81102","PM10 Total 0-10um STP","35620","New York-Newark-Jersey City, NY-NJ-PA","34","New Jersey","017","Hudson","40.725454","-74.05229"
"07/10/2014","340171003","2","23","ug/m3 SC","21","1","100.0000","81102","PM10 Total 0-10um STP","35620","New York-Newark-Jersey City, NY-NJ-PA","34","New Jersey","017","Hudson","40.725454","-74.05229"
"07/16/2014","340171003","2","17","ug/m3 SC","16","1","100.0000","81102","PM10 Total 0-10um STP","35620","New York-Newark-Jersey City, NY-NJ-PA","34","New Jersey","017","Hudson","40.725454","-74.05229"
"07/22/2014","340171003","2","27","ug/m3 SC","25","1","100.0000","81102","PM10 Total 0-10um STP","35620","New York-Newark-Jersey City, NY-NJ-PA","34","New Jersey","017","Hudson","40.725454","-74.05229"
"07/28/2014","340171003","2","10","ug/m3 SC","9","1","100.0000","81102","PM10 Total 0-10um STP","35620","New York-Newark-Jersey City, NY-NJ-PA","34","New Jersey","017","Hudson","40.725454","-74.05229"
"08/03/2014","340171003","2","16","ug/m3 SC","15","1","100.0000","81102","PM10 Total 0-10um STP","35620","New York-Newark-Jersey City, NY-NJ-PA","34","New Jersey","017","Hudson","40.725454","-74.05229"
"08/09/2014","340171003","2","19","ug/m3 SC","18","1","100.0000","81102","PM10 Total 0-10um STP","35620","New York-Newark-Jersey City, NY-NJ-PA","34","New Jersey","017","Hudson","40.725454","-74.05229"
"08/15/2014","340171003","2","10","ug/m3 SC","9","1","100.0000","81102","PM10 Total 0-10um STP","35620","New York-Newark-Jersey City, NY-NJ-PA","34","New Jersey","017","Hudson","40.725454","-74.05229"
"08/21/2014","340171003","2","15","ug/m3 SC","14","1","100.0000","81102","PM10 Total 0-10um STP","35620","New York-Newark-Jersey City, NY-NJ-PA","34","New Jersey","017","Hudson","40.725454","-74.05229"
"08/27/2014","340171003","2","29","ug/m3 SC","27","1","100.0000","81102","PM10 Total 0-10um STP","35620","New York-Newark-Jersey City, NY-NJ-PA","34","New Jersey","017","Hudson","40.725454","-74.05229"
"09/02/2014","340171003","2","27","ug/m3 SC","25","1","100.0000","81102","PM10 Total 0-10um STP","35620","New York-Newark-Jersey City, NY-NJ-PA","34","New Jersey","017","Hudson","40.725454","-74.05229"
"09/08/2014","340171003","2","17","ug/m3 SC","16","1","100.0000","81102","PM10 Total 0-10um STP","35620","New York-Newark-Jersey City, NY-NJ-PA","34","New Jersey","017","Hudson","40.725454","-74.05229"
"09/14/2014","340171003","2","7","ug/m3 SC","6","1","100.0000","81102","PM10 Total 0-10um STP","35620","New York-Newark-Jersey City, NY-NJ-PA","34","New Jersey","017","Hudson","40.725454","-74.05229"
"09/20/2014","340171003","2","21","ug/m3 SC","19","1","100.0000","81102","PM10 Total 0-10um STP","35620","New York-Newark-Jersey City, NY-NJ-PA","34","New Jersey","017","Hudson","40.725454","-74.05229"
"09/26/2014","340171003","2","20","ug/m3 SC","19","1","100.0000","81102","PM10 Total 0-10um STP","35620","New York-Newark-Jersey City, NY-NJ-PA","34","New Jersey","017","Hudson","40.725454","-74.05229"
"10/02/2014","340171003","2","10","ug/m3 SC","9","1","100.0000","81102","PM10 Total 0-10um STP","35620","New York-Newark-Jersey City, NY-NJ-PA","34","New Jersey","017","Hudson","40.725454","-74.05229"
"10/08/2014","340171003","2","14","ug/m3 SC","13","1","100.0000","81102","PM10 Total 0-10um STP","35620","New York-Newark-Jersey City, NY-NJ-PA","34","New Jersey","017","Hudson","40.725454","-74.05229"
"10/14/2014","340171003","2","16","ug/m3 SC","15","1","100.0000","81102","PM10 Total 0-10um STP","35620","New York-Newark-Jersey City, NY-NJ-PA","34","New Jersey","017","Hudson","40.725454","-74.05229"
"10/20/2014","340171003","2","16","ug/m3 SC","15","1","100.0000","81102","PM10 Total 0-10um STP","35620","New York-Newark-Jersey City, NY-NJ-PA","34","New Jersey","017","Hudson","40.725454","-74.05229"
"10/26/2014","340171003","2","8","ug/m3 SC","7","1","100.0000","81102","PM10 Total 0-10um STP","35620","New York-Newark-Jersey City, NY-NJ-PA","34","New Jersey","017","Hudson","40.725454","-74.05229"
"11/01/2014","340171003","2","7","ug/m3 SC","6","1","100.0000","81102","PM10 Total 0-10um STP","35620","New York-Newark-Jersey City, NY-NJ-PA","34","New Jersey","017","Hudson","40.725454","-74.05229"
"11/07/2014","340171003","2","6","ug/m3 SC","6","1","100.0000","81102","PM10 Total 0-10um STP","35620","New York-Newark-Jersey City, NY-NJ-PA","34","New Jersey","017","Hudson","40.725454","-74.05229"
"11/13/2014","340171003","2","16","ug/m3 SC","15","1","100.0000","81102","PM10 Total 0-10um STP","35620","New York-Newark-Jersey City, NY-NJ-PA","34","New Jersey","017","Hudson","40.725454","-74.05229"
"11/19/2014","340171003","2","16","ug/m3 SC","15","1","100.0000","81102","PM10 Total 0-10um STP","35620","New York-Newark-Jersey City, NY-NJ-PA","34","New Jersey","017","Hudson","40.725454","-74.05229"
"11/25/2014","340171003","2","14","ug/m3 SC","13","1","100.0000","81102","PM10 Total 0-10um STP","35620","New York-Newark-Jersey City, NY-NJ-PA","34","New Jersey","017","Hudson","40.725454","-74.05229"
"12/01/2014","340171003","2","25","ug/m3 SC","23","1","100.0000","81102","PM10 Total 0-10um STP","35620","New York-Newark-Jersey City, NY-NJ-PA","34","New Jersey","017","Hudson","40.725454","-74.05229"
"12/07/2014","340171003","2","6","ug/m3 SC","6","1","100.0000","81102","PM10 Total 0-10um STP","35620","New York-Newark-Jersey City, NY-NJ-PA","34","New Jersey","017","Hudson","40.725454","-74.05229"
"12/13/2014","340171003","2","7","ug/m3 SC","6","1","100.0000","81102","PM10 Total 0-10um STP","35620","New York-Newark-Jersey City, NY-NJ-PA","34","New Jersey","017","Hudson","40.725454","-74.05229"
"12/19/2014","340171003","2","9","ug/m3 SC","8","1","100.0000","81102","PM10 Total 0-10um STP","35620","New York-Newark-Jersey City, NY-NJ-PA","34","New Jersey","017","Hudson","40.725454","-74.05229"
"12/25/2014","340171003","2","4","ug/m3 SC","4","1","100.0000","81102","PM10 Total 0-10um STP","35620","New York-Newark-Jersey City, NY-NJ-PA","34","New Jersey","017","Hudson","40.725454","-74.05229"
"12/31/2014","340171003","2","10","ug/m3 SC","9","1","100.0000","81102","PM10 Total 0-10um STP","35620","New York-Newark-Jersey City, NY-NJ-PA","34","New Jersey","017","Hudson","40.725454","-74.05229"
"01/11/2014","340171003","3","9","ug/m3 SC","8","1","100.0000","81102","PM10 Total 0-10um STP","35620","New York-Newark-Jersey City, NY-NJ-PA","34","New Jersey","017","Hudson","40.725454","-74.05229"
"01/17/2014","340171003","3","28","ug/m3 SC","26","1","100.0000","81102","PM10 Total 0-10um STP","35620","New York-Newark-Jersey City, NY-NJ-PA","34","New Jersey","017","Hudson","40.725454","-74.05229"
"01/23/2014","340171003","3","19","ug/m3 SC","18","1","100.0000","81102","PM10 Total 0-10um STP","35620","New York-Newark-Jersey City, NY-NJ-PA","34","New Jersey","017","Hudson","40.725454","-74.05229"
"01/29/2014","340171003","3","32","ug/m3 SC","30","1","100.0000","81102","PM10 Total 0-10um STP","35620","New York-Newark-Jersey City, NY-NJ-PA","34","New Jersey","017","Hudson","40.725454","-74.05229"
"02/10/2014","340171003","3","27","ug/m3 SC","25","1","100.0000","81102","PM10 Total 0-10um STP","35620","New York-Newark-Jersey City, NY-NJ-PA","34","New Jersey","017","Hudson","40.725454","-74.05229"
"02/16/2014","340171003","3","12","ug/m3 SC","11","1","100.0000","81102","PM10 Total 0-10um STP","35620","New York-Newark-Jersey City, NY-NJ-PA","34","New Jersey","017","Hudson","40.725454","-74.05229"
"02/22/2014","340171003","3","21","ug/m3 SC","19","1","100.0000","81102","PM10 Total 0-10um STP","35620","New York-Newark-Jersey City, NY-NJ-PA","34","New Jersey","017","Hudson","40.725454","-74.05229"
"02/28/2014","340171003","3","16","ug/m3 SC","15","1","100.0000","81102","PM10 Total 0-10um STP","35620","New York-Newark-Jersey City, NY-NJ-PA","34","New Jersey","017","Hudson","40.725454","-74.05229"
"03/12/2014","340171003","3","41","ug/m3 SC","38","1","100.0000","81102","PM10 Total 0-10um STP","35620","New York-Newark-Jersey City, NY-NJ-PA","34","New Jersey","017","Hudson","40.725454","-74.05229"
"03/18/2014","340171003","3","24","ug/m3 SC","22","1","100.0000","81102","PM10 Total 0-10um STP","35620","New York-Newark-Jersey City, NY-NJ-PA","34","New Jersey","017","Hudson","40.725454","-74.05229"
"03/24/2014","340171003","3","9","ug/m3 SC","8","1","100.0000","81102","PM10 Total 0-10um STP","35620","New York-Newark-Jersey City, NY-NJ-PA","34","New Jersey","017","Hudson","40.725454","-74.05229"
"03/27/2014","340171003","3","17","ug/m3 SC","16","1","100.0000","81102","PM10 Total 0-10um STP","35620","New York-Newark-Jersey City, NY-NJ-PA","34","New Jersey","017","Hudson","40.725454","-74.05229"
"03/30/2014","340171003","3","4","ug/m3 SC","4","1","100.0000","81102","PM10 Total 0-10um STP","35620","New York-Newark-Jersey City, NY-NJ-PA","34","New Jersey","017","Hudson","40.725454","-74.05229"
"04/05/2014","340171003","3","8","ug/m3 SC","7","1","100.0000","81102","PM10 Total 0-10um STP","35620","New York-Newark-Jersey City, NY-NJ-PA","34","New Jersey","017","Hudson","40.725454","-74.05229"
"04/11/2014","340171003","3","25","ug/m3 SC","23","1","100.0000","81102","PM10 Total 0-10um STP","35620","New York-Newark-Jersey City, NY-NJ-PA","34","New Jersey","017","Hudson","40.725454","-74.05229"
"04/17/2014","340171003","3","17","ug/m3 SC","16","1","100.0000","81102","PM10 Total 0-10um STP","35620","New York-Newark-Jersey City, NY-NJ-PA","34","New Jersey","017","Hudson","40.725454","-74.05229"
"04/23/2014","340171003","3","24","ug/m3 SC","22","1","100.0000","81102","PM10 Total 0-10um STP","35620","New York-Newark-Jersey City, NY-NJ-PA","34","New Jersey","017","Hudson","40.725454","-74.05229"
"04/29/2014","340171003","3","14","ug/m3 SC","13","1","100.0000","81102","PM10 Total 0-10um STP","35620","New York-Newark-Jersey City, NY-NJ-PA","34","New Jersey","017","Hudson","40.725454","-74.05229"
"05/05/2014","340171003","3","18","ug/m3 SC","17","1","100.0000","81102","PM10 Total 0-10um STP","35620","New York-Newark-Jersey City, NY-NJ-PA","34","New Jersey","017","Hudson","40.725454","-74.05229"
"05/11/2014","340171003","3","16","ug/m3 SC","15","1","100.0000","81102","PM10 Total 0-10um STP","35620","New York-Newark-Jersey City, NY-NJ-PA","34","New Jersey","017","Hudson","40.725454","-74.05229"
"05/17/2014","340171003","3","11","ug/m3 SC","10","1","100.0000","81102","PM10 Total 0-10um STP","35620","New York-Newark-Jersey City, NY-NJ-PA","34","New Jersey","017","Hudson","40.725454","-74.05229"
"05/23/2014","340171003","3","22","ug/m3 SC","20","1","100.0000","81102","PM10 Total 0-10um STP","35620","New York-Newark-Jersey City, NY-NJ-PA","34","New Jersey","017","Hudson","40.725454","-74.05229"
"05/29/2014","340171003","3","15","ug/m3 SC","14","1","100.0000","81102","PM10 Total 0-10um STP","35620","New York-Newark-Jersey City, NY-NJ-PA","34","New Jersey","017","Hudson","40.725454","-74.05229"
"06/04/2014","340171003","3","30","ug/m3 SC","28","1","100.0000","81102","PM10 Total 0-10um STP","35620","New York-Newark-Jersey City, NY-NJ-PA","34","New Jersey","017","Hudson","40.725454","-74.05229"
"06/10/2014","340171003","3","29","ug/m3 SC","27","1","100.0000","81102","PM10 Total 0-10um STP","35620","New York-Newark-Jersey City, NY-NJ-PA","34","New Jersey","017","Hudson","40.725454","-74.05229"
"06/16/2014","340171003","3","15","ug/m3 SC","14","1","100.0000","81102","PM10 Total 0-10um STP","35620","New York-Newark-Jersey City, NY-NJ-PA","34","New Jersey","017","Hudson","40.725454","-74.05229"
"06/22/2014","340171003","3","20","ug/m3 SC","19","1","100.0000","81102","PM10 Total 0-10um STP","35620","New York-Newark-Jersey City, NY-NJ-PA","34","New Jersey","017","Hudson","40.725454","-74.05229"
"07/04/2014","340171003","3","11","ug/m3 SC","10","1","100.0000","81102","PM10 Total 0-10um STP","35620","New York-Newark-Jersey City, NY-NJ-PA","34","New Jersey","017","Hudson","40.725454","-74.05229"
"07/10/2014","340171003","3","21","ug/m3 SC","19","1","100.0000","81102","PM10 Total 0-10um STP","35620","New York-Newark-Jersey City, NY-NJ-PA","34","New Jersey","017","Hudson","40.725454","-74.05229"
"07/16/2014","340171003","3","14","ug/m3 SC","13","1","100.0000","81102","PM10 Total 0-10um STP","35620","New York-Newark-Jersey City, NY-NJ-PA","34","New Jersey","017","Hudson","40.725454","-74.05229"
"07/22/2014","340171003","3","26","ug/m3 SC","24","1","100.0000","81102","PM10 Total 0-10um STP","35620","New York-Newark-Jersey City, NY-NJ-PA","34","New Jersey","017","Hudson","40.725454","-74.05229"
"07/28/2014","340171003","3","10","ug/m3 SC","9","1","100.0000","81102","PM10 Total 0-10um STP","35620","New York-Newark-Jersey City, NY-NJ-PA","34","New Jersey","017","Hudson","40.725454","-74.05229"
"08/03/2014","340171003","3","17","ug/m3 SC","16","1","100.0000","81102","PM10 Total 0-10um STP","35620","New York-Newark-Jersey City, NY-NJ-PA","34","New Jersey","017","Hudson","40.725454","-74.05229"
"08/09/2014","340171003","3","18","ug/m3 SC","17","1","100.0000","81102","PM10 Total 0-10um STP","35620","New York-Newark-Jersey City, NY-NJ-PA","34","New Jersey","017","Hudson","40.725454","-74.05229"
"08/15/2014","340171003","3","8","ug/m3 SC","7","1","100.0000","81102","PM10 Total 0-10um STP","35620","New York-Newark-Jersey City, NY-NJ-PA","34","New Jersey","017","Hudson","40.725454","-74.05229"
"08/21/2014","340171003","3","15","ug/m3 SC","14","1","100.0000","81102","PM10 Total 0-10um STP","35620","New York-Newark-Jersey City, NY-NJ-PA","34","New Jersey","017","Hudson","40.725454","-74.05229"
"08/27/2014","340171003","3","28","ug/m3 SC","26","1","100.0000","81102","PM10 Total 0-10um STP","35620","New York-Newark-Jersey City, NY-NJ-PA","34","New Jersey","017","Hudson","40.725454","-74.05229"
"09/02/2014","340171003","3","26","ug/m3 SC","24","1","100.0000","81102","PM10 Total 0-10um STP","35620","New York-Newark-Jersey City, NY-NJ-PA","34","New Jersey","017","Hudson","40.725454","-74.05229"
"09/08/2014","340171003","3","15","ug/m3 SC","14","1","100.0000","81102","PM10 Total 0-10um STP","35620","New York-Newark-Jersey City, NY-NJ-PA","34","New Jersey","017","Hudson","40.725454","-74.05229"
"09/14/2014","340171003","3","7","ug/m3 SC","6","1","100.0000","81102","PM10 Total 0-10um STP","35620","New York-Newark-Jersey City, NY-NJ-PA","34","New Jersey","017","Hudson","40.725454","-74.05229"
"09/20/2014","340171003","3","20","ug/m3 SC","19","1","100.0000","81102","PM10 Total 0-10um STP","35620","New York-Newark-Jersey City, NY-NJ-PA","34","New Jersey","017","Hudson","40.725454","-74.05229"
"09/26/2014","340171003","3","18","ug/m3 SC","17","1","100.0000","81102","PM10 Total 0-10um STP","35620","New York-Newark-Jersey City, NY-NJ-PA","34","New Jersey","017","Hudson","40.725454","-74.05229"
"10/02/2014","340171003","3","11","ug/m3 SC","10","1","100.0000","81102","PM10 Total 0-10um STP","35620","New York-Newark-Jersey City, NY-NJ-PA","34","New Jersey","017","Hudson","40.725454","-74.05229"
"10/08/2014","340171003","3","6","ug/m3 SC","6","1","100.0000","81102","PM10 Total 0-10um STP","35620","New York-Newark-Jersey City, NY-NJ-PA","34","New Jersey","017","Hudson","40.725454","-74.05229"
"10/14/2014","340171003","3","17","ug/m3 SC","16","1","100.0000","81102","PM10 Total 0-10um STP","35620","New York-Newark-Jersey City, NY-NJ-PA","34","New Jersey","017","Hudson","40.725454","-74.05229"
"10/20/2014","340171003","3","14","ug/m3 SC","13","1","100.0000","81102","PM10 Total 0-10um STP","35620","New York-Newark-Jersey City, NY-NJ-PA","34","New Jersey","017","Hudson","40.725454","-74.05229"
"10/26/2014","340171003","3","8","ug/m3 SC","7","1","100.0000","81102","PM10 Total 0-10um STP","35620","New York-Newark-Jersey City, NY-NJ-PA","34","New Jersey","017","Hudson","40.725454","-74.05229"
"11/01/2014","340171003","3","7","ug/m3 SC","6","1","100.0000","81102","PM10 Total 0-10um STP","35620","New York-Newark-Jersey City, NY-NJ-PA","34","New Jersey","017","Hudson","40.725454","-74.05229"
"11/07/2014","340171003","3","6","ug/m3 SC","6","1","100.0000","81102","PM10 Total 0-10um STP","35620","New York-Newark-Jersey City, NY-NJ-PA","34","New Jersey","017","Hudson","40.725454","-74.05229"
"11/13/2014","340171003","3","17","ug/m3 SC","16","1","100.0000","81102","PM10 Total 0-10um STP","35620","New York-Newark-Jersey City, NY-NJ-PA","34","New Jersey","017","Hudson","40.725454","-74.05229"
"11/19/2014","340171003","3","15","ug/m3 SC","14","1","100.0000","81102","PM10 Total 0-10um STP","35620","New York-Newark-Jersey City, NY-NJ-PA","34","New Jersey","017","Hudson","40.725454","-74.05229"
"11/25/2014","340171003","3","13","ug/m3 SC","12","1","100.0000","81102","PM10 Total 0-10um STP","35620","New York-Newark-Jersey City, NY-NJ-PA","34","New Jersey","017","Hudson","40.725454","-74.05229"
"12/01/2014","340171003","3","22","ug/m3 SC","20","1","100.0000","81102","PM10 Total 0-10um STP","35620","New York-Newark-Jersey City, NY-NJ-PA","34","New Jersey","017","Hudson","40.725454","-74.05229"
"12/07/2014","340171003","3","6","ug/m3 SC","6","1","100.0000","81102","PM10 Total 0-10um STP","35620","New York-Newark-Jersey City, NY-NJ-PA","34","New Jersey","017","Hudson","40.725454","-74.05229"
"12/13/2014","340171003","3","8","ug/m3 SC","7","1","100.0000","81102","PM10 Total 0-10um STP","35620","New York-Newark-Jersey City, NY-NJ-PA","34","New Jersey","017","Hudson","40.725454","-74.05229"
"12/19/2014","340171003","3","7","ug/m3 SC","6","1","100.0000","81102","PM10 Total 0-10um STP","35620","New York-Newark-Jersey City, NY-NJ-PA","34","New Jersey","017","Hudson","40.725454","-74.05229"
"12/25/2014","340171003","3","4","ug/m3 SC","4","1","100.0000","81102","PM10 Total 0-10um STP","35620","New York-Newark-Jersey City, NY-NJ-PA","34","New Jersey","017","Hudson","40.725454","-74.05229"
"12/31/2014","340171003","3","11","ug/m3 SC","10","1","100.0000","81102","PM10 Total 0-10um STP","35620","New York-Newark-Jersey City, NY-NJ-PA","34","New Jersey","017","Hudson","40.725454","-74.05229"
