"Date","AQS_SITE_ID","POC","Daily Mean PM10 Concentration","UNITS","DAILY_AQI_VALUE","DAILY_OBS_COUNT","PERCENT_COMPLETE","AQS_PARAMETER_CODE","AQS_PARAMETER_DESC","CBSA_CODE","CBSA_NAME","STATE_CODE","STATE","COUNTY_CODE","COUNTY","SITE_LATITUDE","SITE_LONGITUDE"
"01/04/2013","340171003","2","22","ug/m3 SC","20","1","100.0000","81102","PM10 Total 0-10um STP","35620","New York-Newark-Jersey City, NY-NJ-PA","34","New Jersey","017","Hudson","40.725454","-74.05229"
"01/10/2013","340171003","2","21","ug/m3 SC","19","1","100.0000","81102","PM10 Total 0-10um STP","35620","New York-Newark-Jersey City, NY-NJ-PA","34","New Jersey","017","Hudson","40.725454","-74.05229"
"01/16/2013","340171003","2","15","ug/m3 SC","14","1","100.0000","81102","PM10 Total 0-10um STP","35620","New York-Newark-Jersey City, NY-NJ-PA","34","New Jersey","017","Hudson","40.725454","-74.05229"
"01/22/2013","340171003","2","24","ug/m3 SC","22","1","100.0000","81102","PM10 Total 0-10um STP","35620","New York-Newark-Jersey City, NY-NJ-PA","34","New Jersey","017","Hudson","40.725454","-74.05229"
"01/28/2013","340171003","2","42","ug/m3 SC","39","1","100.0000","81102","PM10 Total 0-10um STP","35620","New York-Newark-Jersey City, NY-NJ-PA","34","New Jersey","017","Hudson","40.725454","-74.05229"
"02/03/2013","340171003","2","27","ug/m3 SC","25","1","100.0000","81102","PM10 Total 0-10um STP","35620","New York-Newark-Jersey City, NY-NJ-PA","34","New Jersey","017","Hudson","40.725454","-74.05229"
"02/09/2013","340171003","2","6","ug/m3 SC","6","1","100.0000","81102","PM10 Total 0-10um STP","35620","New York-Newark-Jersey City, NY-NJ-PA","34","New Jersey","017","Hudson","40.725454","-74.05229"
"02/15/2013","340171003","2","39","ug/m3 SC","36","1","100.0000","81102","PM10 Total 0-10um STP","35620","New York-Newark-Jersey City, NY-NJ-PA","34","New Jersey","017","Hudson","40.725454","-74.05229"
"02/21/2013","340171003","2","16","ug/m3 SC","15","1","100.0000","81102","PM10 Total 0-10um STP","35620","New York-Newark-Jersey City, NY-NJ-PA","34","New Jersey","017","Hudson","40.725454","-74.05229"
"02/27/2013","340171003","2","9","ug/m3 SC","8","1","100.0000","81102","PM10 Total 0-10um STP","35620","New York-Newark-Jersey City, NY-NJ-PA","34","New Jersey","017","Hudson","40.725454","-74.05229"
"03/05/2013","340171003","2","14","ug/m3 SC","13","1","100.0000","81102","PM10 Total 0-10um STP","35620","New York-Newark-Jersey City, NY-NJ-PA","34","New Jersey","017","Hudson","40.725454","-74.05229"
"03/11/2013","340171003","2","22","ug/m3 SC","20","1","100.0000","81102","PM10 Total 0-10um STP","35620","New York-Newark-Jersey City, NY-NJ-PA","34","New Jersey","017","Hudson","40.725454","-74.05229"
"03/17/2013","340171003","2","9","ug/m3 SC","8","1","100.0000","81102","PM10 Total 0-10um STP","35620","New York-Newark-Jersey City, NY-NJ-PA","34","New Jersey","017","Hudson","40.725454","-74.05229"
"03/23/2013","340171003","2","12","ug/m3 SC","11","1","100.0000","81102","PM10 Total 0-10um STP","35620","New York-Newark-Jersey City, NY-NJ-PA","34","New Jersey","017","Hudson","40.725454","-74.05229"
"03/29/2013","340171003","2","15","ug/m3 SC","14","1","100.0000","81102","PM10 Total 0-10um STP","35620","New York-Newark-Jersey City, NY-NJ-PA","34","New Jersey","017","Hudson","40.725454","-74.05229"
"04/04/2013","340171003","2","22","ug/m3 SC","20","1","100.0000","81102","PM10 Total 0-10um STP","35620","New York-Newark-Jersey City, NY-NJ-PA","34","New Jersey","017","Hudson","40.725454","-74.05229"
"04/10/2013","340171003","2","43","ug/m3 SC","40","1","100.0000","81102","PM10 Total 0-10um STP","35620","New York-Newark-Jersey City, NY-NJ-PA","34","New Jersey","017","Hudson","40.725454","-74.05229"
"04/16/2013","340171003","2","16","ug/m3 SC","15","1","100.0000","81102","PM10 Total 0-10um STP","35620","New York-Newark-Jersey City, NY-NJ-PA","34","New Jersey","017","Hudson","40.725454","-74.05229"
"04/22/2013","340171003","2","17","ug/m3 SC","16","1","100.0000","81102","PM10 Total 0-10um STP","35620","New York-Newark-Jersey City, NY-NJ-PA","34","New Jersey","017","Hudson","40.725454","-74.05229"
"04/28/2013","340171003","2","30","ug/m3 SC","28","1","100.0000","81102","PM10 Total 0-10um STP","35620","New York-Newark-Jersey City, NY-NJ-PA","34","New Jersey","017","Hudson","40.725454","-74.05229"
"05/04/2013","340171003","2","32","ug/m3 SC","30","1","100.0000","81102","PM10 Total 0-10um STP","35620","New York-Newark-Jersey City, NY-NJ-PA","34","New Jersey","017","Hudson","40.725454","-74.05229"
"05/10/2013","340171003","2","27","ug/m3 SC","25","1","100.0000","81102","PM10 Total 0-10um STP","35620","New York-Newark-Jersey City, NY-NJ-PA","34","New Jersey","017","Hudson","40.725454","-74.05229"
"05/16/2013","340171003","2","53","ug/m3 SC","49","1","100.0000","81102","PM10 Total 0-10um STP","35620","New York-Newark-Jersey City, NY-NJ-PA","34","New Jersey","017","Hudson","40.725454","-74.05229"
"05/22/2013","340171003","2","43","ug/m3 SC","40","1","100.0000","81102","PM10 Total 0-10um STP","35620","New York-Newark-Jersey City, NY-NJ-PA","34","New Jersey","017","Hudson","40.725454","-74.05229"
"05/28/2013","340171003","2","32","ug/m3 SC","30","1","100.0000","81102","PM10 Total 0-10um STP","35620","New York-Newark-Jersey City, NY-NJ-PA","34","New Jersey","017","Hudson","40.725454","-74.05229"
"06/03/2013","340171003","2","18","ug/m3 SC","17","1","100.0000","81102","PM10 Total 0-10um STP","35620","New York-Newark-Jersey City, NY-NJ-PA","34","New Jersey","017","Hudson","40.725454","-74.05229"
"06/09/2013","340171003","2","22","ug/m3 SC","20","1","100.0000","81102","PM10 Total 0-10um STP","35620","New York-Newark-Jersey City, NY-NJ-PA","34","New Jersey","017","Hudson","40.725454","-74.05229"
"06/15/2013","340171003","2","24","ug/m3 SC","22","1","100.0000","81102","PM10 Total 0-10um STP","35620","New York-Newark-Jersey City, NY-NJ-PA","34","New Jersey","017","Hudson","40.725454","-74.05229"
"06/21/2013","340171003","2","25","ug/m3 SC","23","1","100.0000","81102","PM10 Total 0-10um STP","35620","New York-Newark-Jersey City, NY-NJ-PA","34","New Jersey","017","Hudson","40.725454","-74.05229"
"06/27/2013","340171003","2","27","ug/m3 SC","25","1","100.0000","81102","PM10 Total 0-10um STP","35620","New York-Newark-Jersey City, NY-NJ-PA","34","New Jersey","017","Hudson","40.725454","-74.05229"
"07/09/2013","340171003","2","27","ug/m3 SC","25","1","100.0000","81102","PM10 Total 0-10um STP","35620","New York-Newark-Jersey City, NY-NJ-PA","34","New Jersey","017","Hudson","40.725454","-74.05229"
"07/15/2013","340171003","2","21","ug/m3 SC","19","1","100.0000","81102","PM10 Total 0-10um STP","35620","New York-Newark-Jersey City, NY-NJ-PA","34","New Jersey","017","Hudson","40.725454","-74.05229"
"07/21/2013","340171003","2","11","ug/m3 SC","10","1","100.0000","81102","PM10 Total 0-10um STP","35620","New York-Newark-Jersey City, NY-NJ-PA","34","New Jersey","017","Hudson","40.725454","-74.05229"
"07/27/2013","340171003","2","22","ug/m3 SC","20","1","100.0000","81102","PM10 Total 0-10um STP","35620","New York-Newark-Jersey City, NY-NJ-PA","34","New Jersey","017","Hudson","40.725454","-74.05229"
"08/02/2013","340171003","2","12","ug/m3 SC","11","1","100.0000","81102","PM10 Total 0-10um STP","35620","New York-Newark-Jersey City, NY-NJ-PA","34","New Jersey","017","Hudson","40.725454","-74.05229"
"08/08/2013","340171003","2","14","ug/m3 SC","13","1","100.0000","81102","PM10 Total 0-10um STP","35620","New York-Newark-Jersey City, NY-NJ-PA","34","New Jersey","017","Hudson","40.725454","-74.05229"
"08/14/2013","340171003","2","8","ug/m3 SC","7","1","100.0000","81102","PM10 Total 0-10um STP","35620","New York-Newark-Jersey City, NY-NJ-PA","34","New Jersey","017","Hudson","40.725454","-74.05229"
"08/20/2013","340171003","2","25","ug/m3 SC","23","1","100.0000","81102","PM10 Total 0-10um STP","35620","New York-Newark-Jersey City, NY-NJ-PA","34","New Jersey","017","Hudson","40.725454","-74.05229"
"08/26/2013","340171003","2","14","ug/m3 SC","13","1","100.0000","81102","PM10 Total 0-10um STP","35620","New York-Newark-Jersey City, NY-NJ-PA","34","New Jersey","017","Hudson","40.725454","-74.05229"
"09/01/2013","340171003","2","10","ug/m3 SC","9","1","100.0000","81102","PM10 Total 0-10um STP","35620","New York-Newark-Jersey City, NY-NJ-PA","34","New Jersey","017","Hudson","40.725454","-74.05229"
"09/07/2013","340171003","2","14","ug/m3 SC","13","1","100.0000","81102","PM10 Total 0-10um STP","35620","New York-Newark-Jersey City, NY-NJ-PA","34","New Jersey","017","Hudson","40.725454","-74.05229"
"09/15/2013","340171003","2","7","ug/m3 SC","6","1","100.0000","81102","PM10 Total 0-10um STP","35620","New York-Newark-Jersey City, NY-NJ-PA","34","New Jersey","017","Hudson","40.725454","-74.05229"
"09/19/2013","340171003","2","9","ug/m3 SC","8","1","100.0000","81102","PM10 Total 0-10um STP","35620","New York-Newark-Jersey City, NY-NJ-PA","34","New Jersey","017","Hudson","40.725454","-74.05229"
"09/25/2013","340171003","2","12","ug/m3 SC","11","1","100.0000","81102","PM10 Total 0-10um STP","35620","New York-Newark-Jersey City, NY-NJ-PA","34","New Jersey","017","Hudson","40.725454","-74.05229"
"10/01/2013","340171003","2","26","ug/m3 SC","24","1","100.0000","81102","PM10 Total 0-10um STP","35620","New York-Newark-Jersey City, NY-NJ-PA","34","New Jersey","017","Hudson","40.725454","-74.05229"
"10/07/2013","340171003","2","14","ug/m3 SC","13","1","100.0000","81102","PM10 Total 0-10um STP","35620","New York-Newark-Jersey City, NY-NJ-PA","34","New Jersey","017","Hudson","40.725454","-74.05229"
"10/13/2013","340171003","2","17","ug/m3 SC","16","1","100.0000","81102","PM10 Total 0-10um STP","35620","New York-Newark-Jersey City, NY-NJ-PA","34","New Jersey","017","Hudson","40.725454","-74.05229"
"10/19/2013","340171003","2","17","ug/m3 SC","16","1","100.0000","81102","PM10 Total 0-10um STP","35620","New York-Newark-Jersey City, NY-NJ-PA","34","New Jersey","017","Hudson","40.725454","-74.05229"
"10/25/2013","340171003","2","12","ug/m3 SC","11","1","100.0000","81102","PM10 Total 0-10um STP","35620","New York-Newark-Jersey City, NY-NJ-PA","34","New Jersey","017","Hudson","40.725454","-74.05229"
"10/31/2013","340171003","2","29","ug/m3 SC","27","1","100.0000","81102","PM10 Total 0-10um STP","35620","New York-Newark-Jersey City, NY-NJ-PA","34","New Jersey","017","Hudson","40.725454","-74.05229"
"11/12/2013","340171003","2","9","ug/m3 SC","8","1","100.0000","81102","PM10 Total 0-10um STP","35620","New York-Newark-Jersey City, NY-NJ-PA","34","New Jersey","017","Hudson","40.725454","-74.05229"
"11/18/2013","340171003","2","9","ug/m3 SC","8","1","100.0000","81102","PM10 Total 0-10um STP","35620","New York-Newark-Jersey City, NY-NJ-PA","34","New Jersey","017","Hudson","40.725454","-74.05229"
"11/24/2013","340171003","2","5","ug/m3 SC","5","1","100.0000","81102","PM10 Total 0-10um STP","35620","New York-Newark-Jersey City, NY-NJ-PA","34","New Jersey","017","Hudson","40.725454","-74.05229"
"11/30/2013","340171003","2","9","ug/m3 SC","8","1","100.0000","81102","PM10 Total 0-10um STP","35620","New York-Newark-Jersey City, NY-NJ-PA","34","New Jersey","017","Hudson","40.725454","-74.05229"
"12/06/2013","340171003","2","7","ug/m3 SC","6","1","100.0000","81102","PM10 Total 0-10um STP","35620","New York-Newark-Jersey City, NY-NJ-PA","34","New Jersey","017","Hudson","40.725454","-74.05229"
"12/12/2013","340171003","2","15","ug/m3 SC","14","1","100.0000","81102","PM10 Total 0-10um STP","35620","New York-Newark-Jersey City, NY-NJ-PA","34","New Jersey","017","Hudson","40.725454","-74.05229"
"12/18/2013","340171003","2","18","ug/m3 SC","17","1","100.0000","81102","PM10 Total 0-10um STP","35620","New York-Newark-Jersey City, NY-NJ-PA","34","New Jersey","017","Hudson","40.725454","-74.05229"
"12/24/2013","340171003","2","10","ug/m3 SC","9","1","100.0000","81102","PM10 Total 0-10um STP","35620","New York-Newark-Jersey City, NY-NJ-PA","34","New Jersey","017","Hudson","40.725454","-74.05229"
"12/30/2013","340171003","2","9","ug/m3 SC","8","1","100.0000","81102","PM10 Total 0-10um STP","35620","New York-Newark-Jersey City, NY-NJ-PA","34","New Jersey","017","Hudson","40.725454","-74.05229"
"07/21/2013","340171003","3","16","ug/m3 SC","15","1","100.0000","81102","PM10 Total 0-10um STP","35620","New York-Newark-Jersey City, NY-NJ-PA","34","New Jersey","017","Hudson","40.725454","-74.05229"
"07/27/2013","340171003","3","27","ug/m3 SC","25","1","100.0000","81102","PM10 Total 0-10um STP","35620","New York-Newark-Jersey City, NY-NJ-PA","34","New Jersey","017","Hudson","40.725454","-74.05229"
"08/02/2013","340171003","3","16","ug/m3 SC","15","1","100.0000","81102","PM10 Total 0-10um STP","35620","New York-Newark-Jersey City, NY-NJ-PA","34","New Jersey","017","Hudson","40.725454","-74.05229"
"08/08/2013","340171003","3","11","ug/m3 SC","10","1","100.0000","81102","PM10 Total 0-10um STP","35620","New York-Newark-Jersey City, NY-NJ-PA","34","New Jersey","017","Hudson","40.725454","-74.05229"
"08/14/2013","340171003","3","6","ug/m3 SC","6","1","100.0000","81102","PM10 Total 0-10um STP","35620","New York-Newark-Jersey City, NY-NJ-PA","34","New Jersey","017","Hudson","40.725454","-74.05229"
"08/20/2013","340171003","3","20","ug/m3 SC","19","1","100.0000","81102","PM10 Total 0-10um STP","35620","New York-Newark-Jersey City, NY-NJ-PA","34","New Jersey","017","Hudson","40.725454","-74.05229"
"08/26/2013","340171003","3","24","ug/m3 SC","22","1","100.0000","81102","PM10 Total 0-10um STP","35620","New York-Newark-Jersey City, NY-NJ-PA","34","New Jersey","017","Hudson","40.725454","-74.05229"
"09/01/2013","340171003","3","17","ug/m3 SC","16","1","100.0000","81102","PM10 Total 0-10um STP","35620","New York-Newark-Jersey City, NY-NJ-PA","34","New Jersey","017","Hudson","40.725454","-74.05229"
"09/07/2013","340171003","3","17","ug/m3 SC","16","1","100.0000","81102","PM10 Total 0-10um STP","35620","New York-Newark-Jersey City, NY-NJ-PA","34","New Jersey","017","Hudson","40.725454","-74.05229"
"09/13/2013","340171003","3","9","ug/m3 SC","8","1","100.0000","81102","PM10 Total 0-10um STP","35620","New York-Newark-Jersey City, NY-NJ-PA","34","New Jersey","017","Hudson","40.725454","-74.05229"
"09/19/2013","340171003","3","25","ug/m3 SC","23","1","100.0000","81102","PM10 Total 0-10um STP","35620","New York-Newark-Jersey City, NY-NJ-PA","34","New Jersey","017","Hudson","40.725454","-74.05229"
"09/25/2013","340171003","3","12","ug/m3 SC","11","1","100.0000","81102","PM10 Total 0-10um STP","35620","New York-Newark-Jersey City, NY-NJ-PA","34","New Jersey","017","Hudson","40.725454","-74.05229"
"10/01/2013","340171003","3","22","ug/m3 SC","20","1","100.0000","81102","PM10 Total 0-10um STP","35620","New York-Newark-Jersey City, NY-NJ-PA","34","New Jersey","017","Hudson","40.725454","-74.05229"
"10/13/2013","340171003","3","14","ug/m3 SC","13","1","100.0000","81102","PM10 Total 0-10um STP","35620","New York-Newark-Jersey City, NY-NJ-PA","34","New Jersey","017","Hudson","40.725454","-74.05229"
"10/19/2013","340171003","3","19","ug/m3 SC","18","1","100.0000","81102","PM10 Total 0-10um STP","35620","New York-Newark-Jersey City, NY-NJ-PA","34","New Jersey","017","Hudson","40.725454","-74.05229"
"10/25/2013","340171003","3","11","ug/m3 SC","10","1","100.0000","81102","PM10 Total 0-10um STP","35620","New York-Newark-Jersey City, NY-NJ-PA","34","New Jersey","017","Hudson","40.725454","-74.05229"
"10/31/2013","340171003","3","26","ug/m3 SC","24","1","100.0000","81102","PM10 Total 0-10um STP","35620","New York-Newark-Jersey City, NY-NJ-PA","34","New Jersey","017","Hudson","40.725454","-74.05229"
"11/12/2013","340171003","3","8","ug/m3 SC","7","1","100.0000","81102","PM10 Total 0-10um STP","35620","New York-Newark-Jersey City, NY-NJ-PA","34","New Jersey","017","Hudson","40.725454","-74.05229"
"11/18/2013","340171003","3","9","ug/m3 SC","8","1","100.0000","81102","PM10 Total 0-10um STP","35620","New York-Newark-Jersey City, NY-NJ-PA","34","New Jersey","017","Hudson","40.725454","-74.05229"
"11/24/2013","340171003","3","8","ug/m3 SC","7","1","100.0000","81102","PM10 Total 0-10um STP","35620","New York-Newark-Jersey City, NY-NJ-PA","34","New Jersey","017","Hudson","40.725454","-74.05229"
"11/30/2013","340171003","3","10","ug/m3 SC","9","1","100.0000","81102","PM10 Total 0-10um STP","35620","New York-Newark-Jersey City, NY-NJ-PA","34","New Jersey","017","Hudson","40.725454","-74.05229"
"12/06/2013","340171003","3","11","ug/m3 SC","10","1","100.0000","81102","PM10 Total 0-10um STP","35620","New York-Newark-Jersey City, NY-NJ-PA","34","New Jersey","017","Hudson","40.725454","-74.05229"
"12/18/2013","340171003","3","20","ug/m3 SC","19","1","100.0000","81102","PM10 Total 0-10um STP","35620","New York-Newark-Jersey City, NY-NJ-PA","34","New Jersey","017","Hudson","40.725454","-74.05229"
"12/24/2013","340171003","3","11","ug/m3 SC","10","1","100.0000","81102","PM10 Total 0-10um STP","35620","New York-Newark-Jersey City, NY-NJ-PA","34","New Jersey","017","Hudson","40.725454","-74.05229"
"12/30/2013","340171003","3","10","ug/m3 SC","9","1","100.0000","81102","PM10 Total 0-10um STP","35620","New York-Newark-Jersey City, NY-NJ-PA","34","New Jersey","017","Hudson","40.725454","-74.05229"
