"Date","AQS_SITE_ID","POC","Daily Mean PM10 Concentration","UNITS","DAILY_AQI_VALUE","DAILY_OBS_COUNT","PERCENT_COMPLETE","AQS_PARAMETER_CODE","AQS_PARAMETER_DESC","CBSA_CODE","CBSA_NAME","STATE_CODE","STATE","COUNTY_CODE","COUNTY","SITE_LATITUDE","SITE_LONGITUDE"
"01/01/2009","340030004","2","38","ug/m3 SC","35","1","100.0000","81102","PM10 Total 0-10um STP","35620","New York-Newark-Jersey City, NY-NJ-PA","34","New Jersey","003","Bergen","40.854583","-73.967772"
"01/07/2009","340030004","2","11","ug/m3 SC","10","1","100.0000","81102","PM10 Total 0-10um STP","35620","New York-Newark-Jersey City, NY-NJ-PA","34","New Jersey","003","Bergen","40.854583","-73.967772"
"01/13/2009","340030004","2","31","ug/m3 SC","29","1","100.0000","81102","PM10 Total 0-10um STP","35620","New York-Newark-Jersey City, NY-NJ-PA","34","New Jersey","003","Bergen","40.854583","-73.967772"
"01/19/2009","340030004","2","39","ug/m3 SC","36","1","100.0000","81102","PM10 Total 0-10um STP","35620","New York-Newark-Jersey City, NY-NJ-PA","34","New Jersey","003","Bergen","40.854583","-73.967772"
"01/25/2009","340030004","2","20","ug/m3 SC","19","1","100.0000","81102","PM10 Total 0-10um STP","35620","New York-Newark-Jersey City, NY-NJ-PA","34","New Jersey","003","Bergen","40.854583","-73.967772"
"01/31/2009","340030004","2","38","ug/m3 SC","35","1","100.0000","81102","PM10 Total 0-10um STP","35620","New York-Newark-Jersey City, NY-NJ-PA","34","New Jersey","003","Bergen","40.854583","-73.967772"
"02/06/2009","340030004","2","49","ug/m3 SC","45","1","100.0000","81102","PM10 Total 0-10um STP","35620","New York-Newark-Jersey City, NY-NJ-PA","34","New Jersey","003","Bergen","40.854583","-73.967772"
"02/12/2009","340030004","2","19","ug/m3 SC","18","1","100.0000","81102","PM10 Total 0-10um STP","35620","New York-Newark-Jersey City, NY-NJ-PA","34","New Jersey","003","Bergen","40.854583","-73.967772"
"02/18/2009","340030004","2","37","ug/m3 SC","34","1","100.0000","81102","PM10 Total 0-10um STP","35620","New York-Newark-Jersey City, NY-NJ-PA","34","New Jersey","003","Bergen","40.854583","-73.967772"
"02/24/2009","340030004","2","16","ug/m3 SC","15","1","100.0000","81102","PM10 Total 0-10um STP","35620","New York-Newark-Jersey City, NY-NJ-PA","34","New Jersey","003","Bergen","40.854583","-73.967772"
"03/02/2009","340030004","2","14","ug/m3 SC","13","1","100.0000","81102","PM10 Total 0-10um STP","35620","New York-Newark-Jersey City, NY-NJ-PA","34","New Jersey","003","Bergen","40.854583","-73.967772"
"03/08/2009","340030004","2","49","ug/m3 SC","45","1","100.0000","81102","PM10 Total 0-10um STP","35620","New York-Newark-Jersey City, NY-NJ-PA","34","New Jersey","003","Bergen","40.854583","-73.967772"
"03/14/2009","340030004","2","42","ug/m3 SC","39","1","100.0000","81102","PM10 Total 0-10um STP","35620","New York-Newark-Jersey City, NY-NJ-PA","34","New Jersey","003","Bergen","40.854583","-73.967772"
"03/20/2009","340030004","2","24","ug/m3 SC","22","1","100.0000","81102","PM10 Total 0-10um STP","35620","New York-Newark-Jersey City, NY-NJ-PA","34","New Jersey","003","Bergen","40.854583","-73.967772"
"03/26/2009","340030004","2","22","ug/m3 SC","20","1","100.0000","81102","PM10 Total 0-10um STP","35620","New York-Newark-Jersey City, NY-NJ-PA","34","New Jersey","003","Bergen","40.854583","-73.967772"
"04/01/2009","340030004","2","27","ug/m3 SC","25","1","100.0000","81102","PM10 Total 0-10um STP","35620","New York-Newark-Jersey City, NY-NJ-PA","34","New Jersey","003","Bergen","40.854583","-73.967772"
"04/07/2009","340030004","2","13","ug/m3 SC","12","1","100.0000","81102","PM10 Total 0-10um STP","35620","New York-Newark-Jersey City, NY-NJ-PA","34","New Jersey","003","Bergen","40.854583","-73.967772"
"04/13/2009","340030004","2","19","ug/m3 SC","18","1","100.0000","81102","PM10 Total 0-10um STP","35620","New York-Newark-Jersey City, NY-NJ-PA","34","New Jersey","003","Bergen","40.854583","-73.967772"
"04/19/2009","340030004","2","23","ug/m3 SC","21","1","100.0000","81102","PM10 Total 0-10um STP","35620","New York-Newark-Jersey City, NY-NJ-PA","34","New Jersey","003","Bergen","40.854583","-73.967772"
"04/25/2009","340030004","2","43","ug/m3 SC","40","1","100.0000","81102","PM10 Total 0-10um STP","35620","New York-Newark-Jersey City, NY-NJ-PA","34","New Jersey","003","Bergen","40.854583","-73.967772"
"05/01/2009","340030004","2","33","ug/m3 SC","31","1","100.0000","81102","PM10 Total 0-10um STP","35620","New York-Newark-Jersey City, NY-NJ-PA","34","New Jersey","003","Bergen","40.854583","-73.967772"
"05/07/2009","340030004","2","25","ug/m3 SC","23","1","100.0000","81102","PM10 Total 0-10um STP","35620","New York-Newark-Jersey City, NY-NJ-PA","34","New Jersey","003","Bergen","40.854583","-73.967772"
"05/13/2009","340030004","2","45","ug/m3 SC","42","1","100.0000","81102","PM10 Total 0-10um STP","35620","New York-Newark-Jersey City, NY-NJ-PA","34","New Jersey","003","Bergen","40.854583","-73.967772"
"05/19/2009","340030004","2","31","ug/m3 SC","29","1","100.0000","81102","PM10 Total 0-10um STP","35620","New York-Newark-Jersey City, NY-NJ-PA","34","New Jersey","003","Bergen","40.854583","-73.967772"
"05/25/2009","340030004","2","39","ug/m3 SC","36","1","100.0000","81102","PM10 Total 0-10um STP","35620","New York-Newark-Jersey City, NY-NJ-PA","34","New Jersey","003","Bergen","40.854583","-73.967772"
"05/31/2009","340030004","2","33","ug/m3 SC","31","1","100.0000","81102","PM10 Total 0-10um STP","35620","New York-Newark-Jersey City, NY-NJ-PA","34","New Jersey","003","Bergen","40.854583","-73.967772"
"06/06/2009","340030004","2","27","ug/m3 SC","25","1","100.0000","81102","PM10 Total 0-10um STP","35620","New York-Newark-Jersey City, NY-NJ-PA","34","New Jersey","003","Bergen","40.854583","-73.967772"
"06/12/2009","340030004","2","55","ug/m3 SC","51","1","100.0000","81102","PM10 Total 0-10um STP","35620","New York-Newark-Jersey City, NY-NJ-PA","34","New Jersey","003","Bergen","40.854583","-73.967772"
"06/18/2009","340030004","2","31","ug/m3 SC","29","1","100.0000","81102","PM10 Total 0-10um STP","35620","New York-Newark-Jersey City, NY-NJ-PA","34","New Jersey","003","Bergen","40.854583","-73.967772"
"06/24/2009","340030004","2","35","ug/m3 SC","32","1","100.0000","81102","PM10 Total 0-10um STP","35620","New York-Newark-Jersey City, NY-NJ-PA","34","New Jersey","003","Bergen","40.854583","-73.967772"
"06/30/2009","340030004","2","83","ug/m3 SC","65","1","100.0000","81102","PM10 Total 0-10um STP","35620","New York-Newark-Jersey City, NY-NJ-PA","34","New Jersey","003","Bergen","40.854583","-73.967772"
"07/06/2009","340030004","2","49","ug/m3 SC","45","1","100.0000","81102","PM10 Total 0-10um STP","35620","New York-Newark-Jersey City, NY-NJ-PA","34","New Jersey","003","Bergen","40.854583","-73.967772"
"07/12/2009","340030004","2","26","ug/m3 SC","24","1","100.0000","81102","PM10 Total 0-10um STP","35620","New York-Newark-Jersey City, NY-NJ-PA","34","New Jersey","003","Bergen","40.854583","-73.967772"
"07/18/2009","340030004","2","27","ug/m3 SC","25","1","100.0000","81102","PM10 Total 0-10um STP","35620","New York-Newark-Jersey City, NY-NJ-PA","34","New Jersey","003","Bergen","40.854583","-73.967772"
"07/24/2009","340030004","2","27","ug/m3 SC","25","1","100.0000","81102","PM10 Total 0-10um STP","35620","New York-Newark-Jersey City, NY-NJ-PA","34","New Jersey","003","Bergen","40.854583","-73.967772"
"07/30/2009","340030004","2","30","ug/m3 SC","28","1","100.0000","81102","PM10 Total 0-10um STP","35620","New York-Newark-Jersey City, NY-NJ-PA","34","New Jersey","003","Bergen","40.854583","-73.967772"
"08/05/2009","340030004","2","42","ug/m3 SC","39","1","100.0000","81102","PM10 Total 0-10um STP","35620","New York-Newark-Jersey City, NY-NJ-PA","34","New Jersey","003","Bergen","40.854583","-73.967772"
"08/11/2009","340030004","2","35","ug/m3 SC","32","1","100.0000","81102","PM10 Total 0-10um STP","35620","New York-Newark-Jersey City, NY-NJ-PA","34","New Jersey","003","Bergen","40.854583","-73.967772"
"08/17/2009","340030004","2","63","ug/m3 SC","55","1","100.0000","81102","PM10 Total 0-10um STP","35620","New York-Newark-Jersey City, NY-NJ-PA","34","New Jersey","003","Bergen","40.854583","-73.967772"
"08/29/2009","340030004","2","26","ug/m3 SC","24","1","100.0000","81102","PM10 Total 0-10um STP","35620","New York-Newark-Jersey City, NY-NJ-PA","34","New Jersey","003","Bergen","40.854583","-73.967772"
"09/04/2009","340030004","2","32","ug/m3 SC","30","1","100.0000","81102","PM10 Total 0-10um STP","35620","New York-Newark-Jersey City, NY-NJ-PA","34","New Jersey","003","Bergen","40.854583","-73.967772"
"09/10/2009","340030004","2","69","ug/m3 SC","58","1","100.0000","81102","PM10 Total 0-10um STP","35620","New York-Newark-Jersey City, NY-NJ-PA","34","New Jersey","003","Bergen","40.854583","-73.967772"
"09/16/2009","340030004","2","26","ug/m3 SC","24","1","100.0000","81102","PM10 Total 0-10um STP","35620","New York-Newark-Jersey City, NY-NJ-PA","34","New Jersey","003","Bergen","40.854583","-73.967772"
"09/22/2009","340030004","2","29","ug/m3 SC","27","1","100.0000","81102","PM10 Total 0-10um STP","35620","New York-Newark-Jersey City, NY-NJ-PA","34","New Jersey","003","Bergen","40.854583","-73.967772"
"09/28/2009","340030004","2","22","ug/m3 SC","20","1","100.0000","81102","PM10 Total 0-10um STP","35620","New York-Newark-Jersey City, NY-NJ-PA","34","New Jersey","003","Bergen","40.854583","-73.967772"
"10/04/2009","340030004","2","18","ug/m3 SC","17","1","100.0000","81102","PM10 Total 0-10um STP","35620","New York-Newark-Jersey City, NY-NJ-PA","34","New Jersey","003","Bergen","40.854583","-73.967772"
"10/10/2009","340030004","2","9","ug/m3 SC","8","1","100.0000","81102","PM10 Total 0-10um STP","35620","New York-Newark-Jersey City, NY-NJ-PA","34","New Jersey","003","Bergen","40.854583","-73.967772"
"10/16/2009","340030004","2","8","ug/m3 SC","7","1","100.0000","81102","PM10 Total 0-10um STP","35620","New York-Newark-Jersey City, NY-NJ-PA","34","New Jersey","003","Bergen","40.854583","-73.967772"
"10/22/2009","340030004","2","32","ug/m3 SC","30","1","100.0000","81102","PM10 Total 0-10um STP","35620","New York-Newark-Jersey City, NY-NJ-PA","34","New Jersey","003","Bergen","40.854583","-73.967772"
"10/28/2009","340030004","2","7","ug/m3 SC","6","1","100.0000","81102","PM10 Total 0-10um STP","35620","New York-Newark-Jersey City, NY-NJ-PA","34","New Jersey","003","Bergen","40.854583","-73.967772"
"11/03/2009","340030004","2","20","ug/m3 SC","19","1","100.0000","81102","PM10 Total 0-10um STP","35620","New York-Newark-Jersey City, NY-NJ-PA","34","New Jersey","003","Bergen","40.854583","-73.967772"
"11/09/2009","340030004","2","49","ug/m3 SC","45","1","100.0000","81102","PM10 Total 0-10um STP","35620","New York-Newark-Jersey City, NY-NJ-PA","34","New Jersey","003","Bergen","40.854583","-73.967772"
"12/03/2009","340030004","2","9","ug/m3 SC","8","1","100.0000","81102","PM10 Total 0-10um STP","35620","New York-Newark-Jersey City, NY-NJ-PA","34","New Jersey","003","Bergen","40.854583","-73.967772"
"01/01/2009","340171003","2","10","ug/m3 SC","9","1","100.0000","81102","PM10 Total 0-10um STP","35620","New York-Newark-Jersey City, NY-NJ-PA","34","New Jersey","017","Hudson","40.725454","-74.05229"
"01/13/2009","340171003","2","31","ug/m3 SC","29","1","100.0000","81102","PM10 Total 0-10um STP","35620","New York-Newark-Jersey City, NY-NJ-PA","34","New Jersey","017","Hudson","40.725454","-74.05229"
"01/19/2009","340171003","2","32","ug/m3 SC","30","1","100.0000","81102","PM10 Total 0-10um STP","35620","New York-Newark-Jersey City, NY-NJ-PA","34","New Jersey","017","Hudson","40.725454","-74.05229"
"01/31/2009","340171003","2","12","ug/m3 SC","11","1","100.0000","81102","PM10 Total 0-10um STP","35620","New York-Newark-Jersey City, NY-NJ-PA","34","New Jersey","017","Hudson","40.725454","-74.05229"
"02/12/2009","340171003","2","20","ug/m3 SC","19","1","100.0000","81102","PM10 Total 0-10um STP","35620","New York-Newark-Jersey City, NY-NJ-PA","34","New Jersey","017","Hudson","40.725454","-74.05229"
"02/18/2009","340171003","2","18","ug/m3 SC","17","1","100.0000","81102","PM10 Total 0-10um STP","35620","New York-Newark-Jersey City, NY-NJ-PA","34","New Jersey","017","Hudson","40.725454","-74.05229"
"02/24/2009","340171003","2","10","ug/m3 SC","9","1","100.0000","81102","PM10 Total 0-10um STP","35620","New York-Newark-Jersey City, NY-NJ-PA","34","New Jersey","017","Hudson","40.725454","-74.05229"
"03/20/2009","340171003","2","14","ug/m3 SC","13","1","100.0000","81102","PM10 Total 0-10um STP","35620","New York-Newark-Jersey City, NY-NJ-PA","34","New Jersey","017","Hudson","40.725454","-74.05229"
"03/26/2009","340171003","2","12","ug/m3 SC","11","1","100.0000","81102","PM10 Total 0-10um STP","35620","New York-Newark-Jersey City, NY-NJ-PA","34","New Jersey","017","Hudson","40.725454","-74.05229"
"04/01/2009","340171003","2","16","ug/m3 SC","15","1","100.0000","81102","PM10 Total 0-10um STP","35620","New York-Newark-Jersey City, NY-NJ-PA","34","New Jersey","017","Hudson","40.725454","-74.05229"
"04/07/2009","340171003","2","2","ug/m3 SC","2","1","100.0000","81102","PM10 Total 0-10um STP","35620","New York-Newark-Jersey City, NY-NJ-PA","34","New Jersey","017","Hudson","40.725454","-74.05229"
"04/13/2009","340171003","2","13","ug/m3 SC","12","1","100.0000","81102","PM10 Total 0-10um STP","35620","New York-Newark-Jersey City, NY-NJ-PA","34","New Jersey","017","Hudson","40.725454","-74.05229"
"04/19/2009","340171003","2","17","ug/m3 SC","16","1","100.0000","81102","PM10 Total 0-10um STP","35620","New York-Newark-Jersey City, NY-NJ-PA","34","New Jersey","017","Hudson","40.725454","-74.05229"
"04/25/2009","340171003","2","33","ug/m3 SC","31","1","100.0000","81102","PM10 Total 0-10um STP","35620","New York-Newark-Jersey City, NY-NJ-PA","34","New Jersey","017","Hudson","40.725454","-74.05229"
"05/01/2009","340171003","2","18","ug/m3 SC","17","1","100.0000","81102","PM10 Total 0-10um STP","35620","New York-Newark-Jersey City, NY-NJ-PA","34","New Jersey","017","Hudson","40.725454","-74.05229"
"05/13/2009","340171003","2","28","ug/m3 SC","26","1","100.0000","81102","PM10 Total 0-10um STP","35620","New York-Newark-Jersey City, NY-NJ-PA","34","New Jersey","017","Hudson","40.725454","-74.05229"
"05/19/2009","340171003","2","20","ug/m3 SC","19","1","100.0000","81102","PM10 Total 0-10um STP","35620","New York-Newark-Jersey City, NY-NJ-PA","34","New Jersey","017","Hudson","40.725454","-74.05229"
"05/25/2009","340171003","2","29","ug/m3 SC","27","1","100.0000","81102","PM10 Total 0-10um STP","35620","New York-Newark-Jersey City, NY-NJ-PA","34","New Jersey","017","Hudson","40.725454","-74.05229"
"05/31/2009","340171003","2","28","ug/m3 SC","26","1","100.0000","81102","PM10 Total 0-10um STP","35620","New York-Newark-Jersey City, NY-NJ-PA","34","New Jersey","017","Hudson","40.725454","-74.05229"
"06/03/2009","340171003","2","17","ug/m3 SC","16","1","100.0000","81102","PM10 Total 0-10um STP","35620","New York-Newark-Jersey City, NY-NJ-PA","34","New Jersey","017","Hudson","40.725454","-74.05229"
"06/12/2009","340171003","2","33","ug/m3 SC","31","1","100.0000","81102","PM10 Total 0-10um STP","35620","New York-Newark-Jersey City, NY-NJ-PA","34","New Jersey","017","Hudson","40.725454","-74.05229"
"06/30/2009","340171003","2","49","ug/m3 SC","45","1","100.0000","81102","PM10 Total 0-10um STP","35620","New York-Newark-Jersey City, NY-NJ-PA","34","New Jersey","017","Hudson","40.725454","-74.05229"
"07/06/2009","340171003","2","40","ug/m3 SC","37","1","100.0000","81102","PM10 Total 0-10um STP","35620","New York-Newark-Jersey City, NY-NJ-PA","34","New Jersey","017","Hudson","40.725454","-74.05229"
"07/24/2009","340171003","2","21","ug/m3 SC","19","1","100.0000","81102","PM10 Total 0-10um STP","35620","New York-Newark-Jersey City, NY-NJ-PA","34","New Jersey","017","Hudson","40.725454","-74.05229"
"07/30/2009","340171003","2","48","ug/m3 SC","44","1","100.0000","81102","PM10 Total 0-10um STP","35620","New York-Newark-Jersey City, NY-NJ-PA","34","New Jersey","017","Hudson","40.725454","-74.05229"
"08/17/2009","340171003","2","47","ug/m3 SC","44","1","100.0000","81102","PM10 Total 0-10um STP","35620","New York-Newark-Jersey City, NY-NJ-PA","34","New Jersey","017","Hudson","40.725454","-74.05229"
"08/23/2009","340171003","2","18","ug/m3 SC","17","1","100.0000","81102","PM10 Total 0-10um STP","35620","New York-Newark-Jersey City, NY-NJ-PA","34","New Jersey","017","Hudson","40.725454","-74.05229"
"08/29/2009","340171003","2","12","ug/m3 SC","11","1","100.0000","81102","PM10 Total 0-10um STP","35620","New York-Newark-Jersey City, NY-NJ-PA","34","New Jersey","017","Hudson","40.725454","-74.05229"
"09/04/2009","340171003","2","25","ug/m3 SC","23","1","100.0000","81102","PM10 Total 0-10um STP","35620","New York-Newark-Jersey City, NY-NJ-PA","34","New Jersey","017","Hudson","40.725454","-74.05229"
"09/10/2009","340171003","2","66","ug/m3 SC","56","1","100.0000","81102","PM10 Total 0-10um STP","35620","New York-Newark-Jersey City, NY-NJ-PA","34","New Jersey","017","Hudson","40.725454","-74.05229"
"09/16/2009","340171003","2","19","ug/m3 SC","18","1","100.0000","81102","PM10 Total 0-10um STP","35620","New York-Newark-Jersey City, NY-NJ-PA","34","New Jersey","017","Hudson","40.725454","-74.05229"
"09/28/2009","340171003","2","21","ug/m3 SC","19","1","100.0000","81102","PM10 Total 0-10um STP","35620","New York-Newark-Jersey City, NY-NJ-PA","34","New Jersey","017","Hudson","40.725454","-74.05229"
"10/04/2009","340171003","2","17","ug/m3 SC","16","1","100.0000","81102","PM10 Total 0-10um STP","35620","New York-Newark-Jersey City, NY-NJ-PA","34","New Jersey","017","Hudson","40.725454","-74.05229"
"10/10/2009","340171003","2","12","ug/m3 SC","11","1","100.0000","81102","PM10 Total 0-10um STP","35620","New York-Newark-Jersey City, NY-NJ-PA","34","New Jersey","017","Hudson","40.725454","-74.05229"
"10/16/2009","340171003","2","2","ug/m3 SC","2","1","100.0000","81102","PM10 Total 0-10um STP","35620","New York-Newark-Jersey City, NY-NJ-PA","34","New Jersey","017","Hudson","40.725454","-74.05229"
"11/03/2009","340171003","2","25","ug/m3 SC","23","1","100.0000","81102","PM10 Total 0-10um STP","35620","New York-Newark-Jersey City, NY-NJ-PA","34","New Jersey","017","Hudson","40.725454","-74.05229"
"11/09/2009","340171003","2","43","ug/m3 SC","40","1","100.0000","81102","PM10 Total 0-10um STP","35620","New York-Newark-Jersey City, NY-NJ-PA","34","New Jersey","017","Hudson","40.725454","-74.05229"
"11/15/2009","340171003","2","11","ug/m3 SC","10","1","100.0000","81102","PM10 Total 0-10um STP","35620","New York-Newark-Jersey City, NY-NJ-PA","34","New Jersey","017","Hudson","40.725454","-74.05229"
"11/21/2009","340171003","2","11","ug/m3 SC","10","1","100.0000","81102","PM10 Total 0-10um STP","35620","New York-Newark-Jersey City, NY-NJ-PA","34","New Jersey","017","Hudson","40.725454","-74.05229"
"11/27/2009","340171003","2","8","ug/m3 SC","7","1","100.0000","81102","PM10 Total 0-10um STP","35620","New York-Newark-Jersey City, NY-NJ-PA","34","New Jersey","017","Hudson","40.725454","-74.05229"
"12/21/2009","340171003","2","9","ug/m3 SC","8","1","100.0000","81102","PM10 Total 0-10um STP","35620","New York-Newark-Jersey City, NY-NJ-PA","34","New Jersey","017","Hudson","40.725454","-74.05229"
"12/27/2009","340171003","2","33","ug/m3 SC","31","1","100.0000","81102","PM10 Total 0-10um STP","35620","New York-Newark-Jersey City, NY-NJ-PA","34","New Jersey","017","Hudson","40.725454","-74.05229"
"01/01/2009","340171003","3","9","ug/m3 SC","8","1","100.0000","81102","PM10 Total 0-10um STP","35620","New York-Newark-Jersey City, NY-NJ-PA","34","New Jersey","017","Hudson","40.725454","-74.05229"
"01/07/2009","340171003","3","6","ug/m3 SC","6","1","100.0000","81102","PM10 Total 0-10um STP","35620","New York-Newark-Jersey City, NY-NJ-PA","34","New Jersey","017","Hudson","40.725454","-74.05229"
"01/13/2009","340171003","3","21","ug/m3 SC","19","1","100.0000","81102","PM10 Total 0-10um STP","35620","New York-Newark-Jersey City, NY-NJ-PA","34","New Jersey","017","Hudson","40.725454","-74.05229"
"01/19/2009","340171003","3","32","ug/m3 SC","30","1","100.0000","81102","PM10 Total 0-10um STP","35620","New York-Newark-Jersey City, NY-NJ-PA","34","New Jersey","017","Hudson","40.725454","-74.05229"
"01/25/2009","340171003","3","9","ug/m3 SC","8","1","100.0000","81102","PM10 Total 0-10um STP","35620","New York-Newark-Jersey City, NY-NJ-PA","34","New Jersey","017","Hudson","40.725454","-74.05229"
"01/31/2009","340171003","3","11","ug/m3 SC","10","1","100.0000","81102","PM10 Total 0-10um STP","35620","New York-Newark-Jersey City, NY-NJ-PA","34","New Jersey","017","Hudson","40.725454","-74.05229"
"02/06/2009","340171003","3","34","ug/m3 SC","31","1","100.0000","81102","PM10 Total 0-10um STP","35620","New York-Newark-Jersey City, NY-NJ-PA","34","New Jersey","017","Hudson","40.725454","-74.05229"
"02/12/2009","340171003","3","17","ug/m3 SC","16","1","100.0000","81102","PM10 Total 0-10um STP","35620","New York-Newark-Jersey City, NY-NJ-PA","34","New Jersey","017","Hudson","40.725454","-74.05229"
"02/18/2009","340171003","3","16","ug/m3 SC","15","1","100.0000","81102","PM10 Total 0-10um STP","35620","New York-Newark-Jersey City, NY-NJ-PA","34","New Jersey","017","Hudson","40.725454","-74.05229"
"02/24/2009","340171003","3","7","ug/m3 SC","6","1","100.0000","81102","PM10 Total 0-10um STP","35620","New York-Newark-Jersey City, NY-NJ-PA","34","New Jersey","017","Hudson","40.725454","-74.05229"
"03/14/2009","340171003","3","36","ug/m3 SC","33","1","100.0000","81102","PM10 Total 0-10um STP","35620","New York-Newark-Jersey City, NY-NJ-PA","34","New Jersey","017","Hudson","40.725454","-74.05229"
"03/20/2009","340171003","3","11","ug/m3 SC","10","1","100.0000","81102","PM10 Total 0-10um STP","35620","New York-Newark-Jersey City, NY-NJ-PA","34","New Jersey","017","Hudson","40.725454","-74.05229"
"03/26/2009","340171003","3","14","ug/m3 SC","13","1","100.0000","81102","PM10 Total 0-10um STP","35620","New York-Newark-Jersey City, NY-NJ-PA","34","New Jersey","017","Hudson","40.725454","-74.05229"
"04/01/2009","340171003","3","17","ug/m3 SC","16","1","100.0000","81102","PM10 Total 0-10um STP","35620","New York-Newark-Jersey City, NY-NJ-PA","34","New Jersey","017","Hudson","40.725454","-74.05229"
"04/07/2009","340171003","3","6","ug/m3 SC","6","1","100.0000","81102","PM10 Total 0-10um STP","35620","New York-Newark-Jersey City, NY-NJ-PA","34","New Jersey","017","Hudson","40.725454","-74.05229"
"04/13/2009","340171003","3","13","ug/m3 SC","12","1","100.0000","81102","PM10 Total 0-10um STP","35620","New York-Newark-Jersey City, NY-NJ-PA","34","New Jersey","017","Hudson","40.725454","-74.05229"
"04/19/2009","340171003","3","5","ug/m3 SC","5","1","100.0000","81102","PM10 Total 0-10um STP","35620","New York-Newark-Jersey City, NY-NJ-PA","34","New Jersey","017","Hudson","40.725454","-74.05229"
"04/25/2009","340171003","3","30","ug/m3 SC","28","1","100.0000","81102","PM10 Total 0-10um STP","35620","New York-Newark-Jersey City, NY-NJ-PA","34","New Jersey","017","Hudson","40.725454","-74.05229"
"05/01/2009","340171003","3","28","ug/m3 SC","26","1","100.0000","81102","PM10 Total 0-10um STP","35620","New York-Newark-Jersey City, NY-NJ-PA","34","New Jersey","017","Hudson","40.725454","-74.05229"
"05/13/2009","340171003","3","33","ug/m3 SC","31","1","100.0000","81102","PM10 Total 0-10um STP","35620","New York-Newark-Jersey City, NY-NJ-PA","34","New Jersey","017","Hudson","40.725454","-74.05229"
"05/19/2009","340171003","3","3","ug/m3 SC","3","1","100.0000","81102","PM10 Total 0-10um STP","35620","New York-Newark-Jersey City, NY-NJ-PA","34","New Jersey","017","Hudson","40.725454","-74.05229"
"05/25/2009","340171003","3","3","ug/m3 SC","3","1","100.0000","81102","PM10 Total 0-10um STP","35620","New York-Newark-Jersey City, NY-NJ-PA","34","New Jersey","017","Hudson","40.725454","-74.05229"
"06/03/2009","340171003","3","18","ug/m3 SC","17","1","100.0000","81102","PM10 Total 0-10um STP","35620","New York-Newark-Jersey City, NY-NJ-PA","34","New Jersey","017","Hudson","40.725454","-74.05229"
"06/24/2009","340171003","3","20","ug/m3 SC","19","1","100.0000","81102","PM10 Total 0-10um STP","35620","New York-Newark-Jersey City, NY-NJ-PA","34","New Jersey","017","Hudson","40.725454","-74.05229"
"06/30/2009","340171003","3","29","ug/m3 SC","27","1","100.0000","81102","PM10 Total 0-10um STP","35620","New York-Newark-Jersey City, NY-NJ-PA","34","New Jersey","017","Hudson","40.725454","-74.05229"
"07/06/2009","340171003","3","24","ug/m3 SC","22","1","100.0000","81102","PM10 Total 0-10um STP","35620","New York-Newark-Jersey City, NY-NJ-PA","34","New Jersey","017","Hudson","40.725454","-74.05229"
"07/12/2009","340171003","3","10","ug/m3 SC","9","1","100.0000","81102","PM10 Total 0-10um STP","35620","New York-Newark-Jersey City, NY-NJ-PA","34","New Jersey","017","Hudson","40.725454","-74.05229"
"07/18/2009","340171003","3","4","ug/m3 SC","4","1","100.0000","81102","PM10 Total 0-10um STP","35620","New York-Newark-Jersey City, NY-NJ-PA","34","New Jersey","017","Hudson","40.725454","-74.05229"
"07/24/2009","340171003","3","16","ug/m3 SC","15","1","100.0000","81102","PM10 Total 0-10um STP","35620","New York-Newark-Jersey City, NY-NJ-PA","34","New Jersey","017","Hudson","40.725454","-74.05229"
"07/30/2009","340171003","3","19","ug/m3 SC","18","1","100.0000","81102","PM10 Total 0-10um STP","35620","New York-Newark-Jersey City, NY-NJ-PA","34","New Jersey","017","Hudson","40.725454","-74.05229"
"08/05/2009","340171003","3","36","ug/m3 SC","33","1","100.0000","81102","PM10 Total 0-10um STP","35620","New York-Newark-Jersey City, NY-NJ-PA","34","New Jersey","017","Hudson","40.725454","-74.05229"
"08/11/2009","340171003","3","21","ug/m3 SC","19","1","100.0000","81102","PM10 Total 0-10um STP","35620","New York-Newark-Jersey City, NY-NJ-PA","34","New Jersey","017","Hudson","40.725454","-74.05229"
"08/17/2009","340171003","3","45","ug/m3 SC","42","1","100.0000","81102","PM10 Total 0-10um STP","35620","New York-Newark-Jersey City, NY-NJ-PA","34","New Jersey","017","Hudson","40.725454","-74.05229"
"08/23/2009","340171003","3","39","ug/m3 SC","36","1","100.0000","81102","PM10 Total 0-10um STP","35620","New York-Newark-Jersey City, NY-NJ-PA","34","New Jersey","017","Hudson","40.725454","-74.05229"
"08/29/2009","340171003","3","43","ug/m3 SC","40","1","100.0000","81102","PM10 Total 0-10um STP","35620","New York-Newark-Jersey City, NY-NJ-PA","34","New Jersey","017","Hudson","40.725454","-74.05229"
"09/04/2009","340171003","3","65","ug/m3 SC","56","1","100.0000","81102","PM10 Total 0-10um STP","35620","New York-Newark-Jersey City, NY-NJ-PA","34","New Jersey","017","Hudson","40.725454","-74.05229"
"09/10/2009","340171003","3","15","ug/m3 SC","14","1","100.0000","81102","PM10 Total 0-10um STP","35620","New York-Newark-Jersey City, NY-NJ-PA","34","New Jersey","017","Hudson","40.725454","-74.05229"
"09/16/2009","340171003","3","66","ug/m3 SC","56","1","100.0000","81102","PM10 Total 0-10um STP","35620","New York-Newark-Jersey City, NY-NJ-PA","34","New Jersey","017","Hudson","40.725454","-74.05229"
"09/22/2009","340171003","3","70","ug/m3 SC","58","1","100.0000","81102","PM10 Total 0-10um STP","35620","New York-Newark-Jersey City, NY-NJ-PA","34","New Jersey","017","Hudson","40.725454","-74.05229"
"09/28/2009","340171003","3","69","ug/m3 SC","58","1","100.0000","81102","PM10 Total 0-10um STP","35620","New York-Newark-Jersey City, NY-NJ-PA","34","New Jersey","017","Hudson","40.725454","-74.05229"
"10/04/2009","340171003","3","57","ug/m3 SC","52","1","100.0000","81102","PM10 Total 0-10um STP","35620","New York-Newark-Jersey City, NY-NJ-PA","34","New Jersey","017","Hudson","40.725454","-74.05229"
"10/10/2009","340171003","3","56","ug/m3 SC","51","1","100.0000","81102","PM10 Total 0-10um STP","35620","New York-Newark-Jersey City, NY-NJ-PA","34","New Jersey","017","Hudson","40.725454","-74.05229"
"10/16/2009","340171003","3","44","ug/m3 SC","41","1","100.0000","81102","PM10 Total 0-10um STP","35620","New York-Newark-Jersey City, NY-NJ-PA","34","New Jersey","017","Hudson","40.725454","-74.05229"
"10/22/2009","340171003","3","78","ug/m3 SC","62","1","100.0000","81102","PM10 Total 0-10um STP","35620","New York-Newark-Jersey City, NY-NJ-PA","34","New Jersey","017","Hudson","40.725454","-74.05229"
"11/03/2009","340171003","3","64","ug/m3 SC","55","1","100.0000","81102","PM10 Total 0-10um STP","35620","New York-Newark-Jersey City, NY-NJ-PA","34","New Jersey","017","Hudson","40.725454","-74.05229"
"11/09/2009","340171003","3","93","ug/m3 SC","70","1","100.0000","81102","PM10 Total 0-10um STP","35620","New York-Newark-Jersey City, NY-NJ-PA","34","New Jersey","017","Hudson","40.725454","-74.05229"
"11/15/2009","340171003","3","64","ug/m3 SC","55","1","100.0000","81102","PM10 Total 0-10um STP","35620","New York-Newark-Jersey City, NY-NJ-PA","34","New Jersey","017","Hudson","40.725454","-74.05229"
"11/21/2009","340171003","3","10","ug/m3 SC","9","1","100.0000","81102","PM10 Total 0-10um STP","35620","New York-Newark-Jersey City, NY-NJ-PA","34","New Jersey","017","Hudson","40.725454","-74.05229"
"11/27/2009","340171003","3","5","ug/m3 SC","5","1","100.0000","81102","PM10 Total 0-10um STP","35620","New York-Newark-Jersey City, NY-NJ-PA","34","New Jersey","017","Hudson","40.725454","-74.05229"
"12/15/2009","340171003","3","11","ug/m3 SC","10","1","100.0000","81102","PM10 Total 0-10um STP","35620","New York-Newark-Jersey City, NY-NJ-PA","34","New Jersey","017","Hudson","40.725454","-74.05229"
"12/21/2009","340171003","3","7","ug/m3 SC","6","1","100.0000","81102","PM10 Total 0-10um STP","35620","New York-Newark-Jersey City, NY-NJ-PA","34","New Jersey","017","Hudson","40.725454","-74.05229"
"12/27/2009","340171003","3","8","ug/m3 SC","7","1","100.0000","81102","PM10 Total 0-10um STP","35620","New York-Newark-Jersey City, NY-NJ-PA","34","New Jersey","017","Hudson","40.725454","-74.05229"
