"Date","AQS_SITE_ID","POC","Daily Mean PM10 Concentration","UNITS","DAILY_AQI_VALUE","DAILY_OBS_COUNT","PERCENT_COMPLETE","AQS_PARAMETER_CODE","AQS_PARAMETER_DESC","CBSA_CODE","CBSA_NAME","STATE_CODE","STATE","COUNTY_CODE","COUNTY","SITE_LATITUDE","SITE_LONGITUDE"
"01/04/2012","340171003","2","11","ug/m3 SC","10","1","100.0000","81102","PM10 Total 0-10um STP","35620","New York-Newark-Jersey City, NY-NJ-PA","34","New Jersey","017","Hudson","40.725454","-74.05229"
"01/10/2012","340171003","2","25","ug/m3 SC","23","1","100.0000","81102","PM10 Total 0-10um STP","35620","New York-Newark-Jersey City, NY-NJ-PA","34","New Jersey","017","Hudson","40.725454","-74.05229"
"01/16/2012","340171003","2","16","ug/m3 SC","15","1","100.0000","81102","PM10 Total 0-10um STP","35620","New York-Newark-Jersey City, NY-NJ-PA","34","New Jersey","017","Hudson","40.725454","-74.05229"
"01/22/2012","340171003","2","17","ug/m3 SC","16","1","100.0000","81102","PM10 Total 0-10um STP","35620","New York-Newark-Jersey City, NY-NJ-PA","34","New Jersey","017","Hudson","40.725454","-74.05229"
"01/28/2012","340171003","2","13","ug/m3 SC","12","1","100.0000","81102","PM10 Total 0-10um STP","35620","New York-Newark-Jersey City, NY-NJ-PA","34","New Jersey","017","Hudson","40.725454","-74.05229"
"02/03/2012","340171003","2","18","ug/m3 SC","17","1","100.0000","81102","PM10 Total 0-10um STP","35620","New York-Newark-Jersey City, NY-NJ-PA","34","New Jersey","017","Hudson","40.725454","-74.05229"
"02/09/2012","340171003","2","28","ug/m3 SC","26","1","100.0000","81102","PM10 Total 0-10um STP","35620","New York-Newark-Jersey City, NY-NJ-PA","34","New Jersey","017","Hudson","40.725454","-74.05229"
"02/15/2012","340171003","2","32","ug/m3 SC","30","1","100.0000","81102","PM10 Total 0-10um STP","35620","New York-Newark-Jersey City, NY-NJ-PA","34","New Jersey","017","Hudson","40.725454","-74.05229"
"02/21/2012","340171003","2","32","ug/m3 SC","30","1","100.0000","81102","PM10 Total 0-10um STP","35620","New York-Newark-Jersey City, NY-NJ-PA","34","New Jersey","017","Hudson","40.725454","-74.05229"
"02/27/2012","340171003","2","37","ug/m3 SC","34","1","100.0000","81102","PM10 Total 0-10um STP","35620","New York-Newark-Jersey City, NY-NJ-PA","34","New Jersey","017","Hudson","40.725454","-74.05229"
"03/04/2012","340171003","2","18","ug/m3 SC","17","1","100.0000","81102","PM10 Total 0-10um STP","35620","New York-Newark-Jersey City, NY-NJ-PA","34","New Jersey","017","Hudson","40.725454","-74.05229"
"03/10/2012","340171003","2","34","ug/m3 SC","31","1","100.0000","81102","PM10 Total 0-10um STP","35620","New York-Newark-Jersey City, NY-NJ-PA","34","New Jersey","017","Hudson","40.725454","-74.05229"
"03/16/2012","340171003","2","47","ug/m3 SC","44","1","100.0000","81102","PM10 Total 0-10um STP","35620","New York-Newark-Jersey City, NY-NJ-PA","34","New Jersey","017","Hudson","40.725454","-74.05229"
"03/22/2012","340171003","2","52","ug/m3 SC","48","1","100.0000","81102","PM10 Total 0-10um STP","35620","New York-Newark-Jersey City, NY-NJ-PA","34","New Jersey","017","Hudson","40.725454","-74.05229"
"03/28/2012","340171003","2","34","ug/m3 SC","31","1","100.0000","81102","PM10 Total 0-10um STP","35620","New York-Newark-Jersey City, NY-NJ-PA","34","New Jersey","017","Hudson","40.725454","-74.05229"
"04/03/2012","340171003","2","14","ug/m3 SC","13","1","100.0000","81102","PM10 Total 0-10um STP","35620","New York-Newark-Jersey City, NY-NJ-PA","34","New Jersey","017","Hudson","40.725454","-74.05229"
"04/09/2012","340171003","2","73","ug/m3 SC","60","1","100.0000","81102","PM10 Total 0-10um STP","35620","New York-Newark-Jersey City, NY-NJ-PA","34","New Jersey","017","Hudson","40.725454","-74.05229"
"04/15/2012","340171003","2","39","ug/m3 SC","36","1","100.0000","81102","PM10 Total 0-10um STP","35620","New York-Newark-Jersey City, NY-NJ-PA","34","New Jersey","017","Hudson","40.725454","-74.05229"
"04/21/2012","340171003","2","25","ug/m3 SC","23","1","100.0000","81102","PM10 Total 0-10um STP","35620","New York-Newark-Jersey City, NY-NJ-PA","34","New Jersey","017","Hudson","40.725454","-74.05229"
"05/09/2012","340171003","2","28","ug/m3 SC","26","1","100.0000","81102","PM10 Total 0-10um STP","35620","New York-Newark-Jersey City, NY-NJ-PA","34","New Jersey","017","Hudson","40.725454","-74.05229"
"05/15/2012","340171003","2","38","ug/m3 SC","35","1","100.0000","81102","PM10 Total 0-10um STP","35620","New York-Newark-Jersey City, NY-NJ-PA","34","New Jersey","017","Hudson","40.725454","-74.05229"
"05/21/2012","340171003","2","23","ug/m3 SC","21","1","100.0000","81102","PM10 Total 0-10um STP","35620","New York-Newark-Jersey City, NY-NJ-PA","34","New Jersey","017","Hudson","40.725454","-74.05229"
"05/27/2012","340171003","2","24","ug/m3 SC","22","1","100.0000","81102","PM10 Total 0-10um STP","35620","New York-Newark-Jersey City, NY-NJ-PA","34","New Jersey","017","Hudson","40.725454","-74.05229"
"06/02/2012","340171003","2","21","ug/m3 SC","19","1","100.0000","81102","PM10 Total 0-10um STP","35620","New York-Newark-Jersey City, NY-NJ-PA","34","New Jersey","017","Hudson","40.725454","-74.05229"
"06/08/2012","340171003","2","33","ug/m3 SC","31","1","100.0000","81102","PM10 Total 0-10um STP","35620","New York-Newark-Jersey City, NY-NJ-PA","34","New Jersey","017","Hudson","40.725454","-74.05229"
"06/14/2012","340171003","2","23","ug/m3 SC","21","1","100.0000","81102","PM10 Total 0-10um STP","35620","New York-Newark-Jersey City, NY-NJ-PA","34","New Jersey","017","Hudson","40.725454","-74.05229"
"06/20/2012","340171003","2","40","ug/m3 SC","37","1","100.0000","81102","PM10 Total 0-10um STP","35620","New York-Newark-Jersey City, NY-NJ-PA","34","New Jersey","017","Hudson","40.725454","-74.05229"
"06/26/2012","340171003","2","26","ug/m3 SC","24","1","100.0000","81102","PM10 Total 0-10um STP","35620","New York-Newark-Jersey City, NY-NJ-PA","34","New Jersey","017","Hudson","40.725454","-74.05229"
"07/02/2012","340171003","2","35","ug/m3 SC","32","1","100.0000","81102","PM10 Total 0-10um STP","35620","New York-Newark-Jersey City, NY-NJ-PA","34","New Jersey","017","Hudson","40.725454","-74.05229"
"07/08/2012","340171003","2","44","ug/m3 SC","41","1","100.0000","81102","PM10 Total 0-10um STP","35620","New York-Newark-Jersey City, NY-NJ-PA","34","New Jersey","017","Hudson","40.725454","-74.05229"
"07/20/2012","340171003","2","50","ug/m3 SC","46","1","100.0000","81102","PM10 Total 0-10um STP","35620","New York-Newark-Jersey City, NY-NJ-PA","34","New Jersey","017","Hudson","40.725454","-74.05229"
"07/26/2012","340171003","2","36","ug/m3 SC","33","1","100.0000","81102","PM10 Total 0-10um STP","35620","New York-Newark-Jersey City, NY-NJ-PA","34","New Jersey","017","Hudson","40.725454","-74.05229"
"08/01/2012","340171003","2","50","ug/m3 SC","46","1","100.0000","81102","PM10 Total 0-10um STP","35620","New York-Newark-Jersey City, NY-NJ-PA","34","New Jersey","017","Hudson","40.725454","-74.05229"
"08/07/2012","340171003","2","82","ug/m3 SC","64","1","100.0000","81102","PM10 Total 0-10um STP","35620","New York-Newark-Jersey City, NY-NJ-PA","34","New Jersey","017","Hudson","40.725454","-74.05229"
"08/12/2012","340171003","2","23","ug/m3 SC","21","1","100.0000","81102","PM10 Total 0-10um STP","35620","New York-Newark-Jersey City, NY-NJ-PA","34","New Jersey","017","Hudson","40.725454","-74.05229"
"08/19/2012","340171003","2","22","ug/m3 SC","20","1","100.0000","81102","PM10 Total 0-10um STP","35620","New York-Newark-Jersey City, NY-NJ-PA","34","New Jersey","017","Hudson","40.725454","-74.05229"
"08/25/2012","340171003","2","36","ug/m3 SC","33","1","100.0000","81102","PM10 Total 0-10um STP","35620","New York-Newark-Jersey City, NY-NJ-PA","34","New Jersey","017","Hudson","40.725454","-74.05229"
"08/31/2012","340171003","2","44","ug/m3 SC","41","1","100.0000","81102","PM10 Total 0-10um STP","35620","New York-Newark-Jersey City, NY-NJ-PA","34","New Jersey","017","Hudson","40.725454","-74.05229"
"09/06/2012","340171003","2","28","ug/m3 SC","26","1","100.0000","81102","PM10 Total 0-10um STP","35620","New York-Newark-Jersey City, NY-NJ-PA","34","New Jersey","017","Hudson","40.725454","-74.05229"
"09/12/2012","340171003","2","39","ug/m3 SC","36","1","100.0000","81102","PM10 Total 0-10um STP","35620","New York-Newark-Jersey City, NY-NJ-PA","34","New Jersey","017","Hudson","40.725454","-74.05229"
"09/18/2012","340171003","2","20","ug/m3 SC","19","1","100.0000","81102","PM10 Total 0-10um STP","35620","New York-Newark-Jersey City, NY-NJ-PA","34","New Jersey","017","Hudson","40.725454","-74.05229"
"09/24/2012","340171003","2","15","ug/m3 SC","14","1","100.0000","81102","PM10 Total 0-10um STP","35620","New York-Newark-Jersey City, NY-NJ-PA","34","New Jersey","017","Hudson","40.725454","-74.05229"
"09/30/2012","340171003","2","17","ug/m3 SC","16","1","100.0000","81102","PM10 Total 0-10um STP","35620","New York-Newark-Jersey City, NY-NJ-PA","34","New Jersey","017","Hudson","40.725454","-74.05229"
"10/06/2012","340171003","2","25","ug/m3 SC","23","1","100.0000","81102","PM10 Total 0-10um STP","35620","New York-Newark-Jersey City, NY-NJ-PA","34","New Jersey","017","Hudson","40.725454","-74.05229"
"10/18/2012","340171003","2","14","ug/m3 SC","13","1","100.0000","81102","PM10 Total 0-10um STP","35620","New York-Newark-Jersey City, NY-NJ-PA","34","New Jersey","017","Hudson","40.725454","-74.05229"
"10/24/2012","340171003","2","35","ug/m3 SC","32","1","100.0000","81102","PM10 Total 0-10um STP","35620","New York-Newark-Jersey City, NY-NJ-PA","34","New Jersey","017","Hudson","40.725454","-74.05229"
"11/11/2012","340171003","2","27","ug/m3 SC","25","1","100.0000","81102","PM10 Total 0-10um STP","35620","New York-Newark-Jersey City, NY-NJ-PA","34","New Jersey","017","Hudson","40.725454","-74.05229"
"11/17/2012","340171003","2","24","ug/m3 SC","22","1","100.0000","81102","PM10 Total 0-10um STP","35620","New York-Newark-Jersey City, NY-NJ-PA","34","New Jersey","017","Hudson","40.725454","-74.05229"
"11/23/2012","340171003","2","32","ug/m3 SC","30","1","100.0000","81102","PM10 Total 0-10um STP","35620","New York-Newark-Jersey City, NY-NJ-PA","34","New Jersey","017","Hudson","40.725454","-74.05229"
"11/29/2012","340171003","2","35","ug/m3 SC","32","1","100.0000","81102","PM10 Total 0-10um STP","35620","New York-Newark-Jersey City, NY-NJ-PA","34","New Jersey","017","Hudson","40.725454","-74.05229"
"12/05/2012","340171003","2","16","ug/m3 SC","15","1","100.0000","81102","PM10 Total 0-10um STP","35620","New York-Newark-Jersey City, NY-NJ-PA","34","New Jersey","017","Hudson","40.725454","-74.05229"
"12/11/2012","340171003","2","13","ug/m3 SC","12","1","100.0000","81102","PM10 Total 0-10um STP","35620","New York-Newark-Jersey City, NY-NJ-PA","34","New Jersey","017","Hudson","40.725454","-74.05229"
"12/17/2012","340171003","2","13","ug/m3 SC","12","1","100.0000","81102","PM10 Total 0-10um STP","35620","New York-Newark-Jersey City, NY-NJ-PA","34","New Jersey","017","Hudson","40.725454","-74.05229"
"12/23/2012","340171003","2","13","ug/m3 SC","12","1","100.0000","81102","PM10 Total 0-10um STP","35620","New York-Newark-Jersey City, NY-NJ-PA","34","New Jersey","017","Hudson","40.725454","-74.05229"
"12/29/2012","340171003","2","17","ug/m3 SC","16","1","100.0000","81102","PM10 Total 0-10um STP","35620","New York-Newark-Jersey City, NY-NJ-PA","34","New Jersey","017","Hudson","40.725454","-74.05229"
"01/04/2012","340171003","3","11","ug/m3 SC","10","1","100.0000","81102","PM10 Total 0-10um STP","35620","New York-Newark-Jersey City, NY-NJ-PA","34","New Jersey","017","Hudson","40.725454","-74.05229"
"01/10/2012","340171003","3","24","ug/m3 SC","22","1","100.0000","81102","PM10 Total 0-10um STP","35620","New York-Newark-Jersey City, NY-NJ-PA","34","New Jersey","017","Hudson","40.725454","-74.05229"
"01/16/2012","340171003","3","12","ug/m3 SC","11","1","100.0000","81102","PM10 Total 0-10um STP","35620","New York-Newark-Jersey City, NY-NJ-PA","34","New Jersey","017","Hudson","40.725454","-74.05229"
"01/22/2012","340171003","3","14","ug/m3 SC","13","1","100.0000","81102","PM10 Total 0-10um STP","35620","New York-Newark-Jersey City, NY-NJ-PA","34","New Jersey","017","Hudson","40.725454","-74.05229"
"01/28/2012","340171003","3","7","ug/m3 SC","6","1","100.0000","81102","PM10 Total 0-10um STP","35620","New York-Newark-Jersey City, NY-NJ-PA","34","New Jersey","017","Hudson","40.725454","-74.05229"
"02/03/2012","340171003","3","14","ug/m3 SC","13","1","100.0000","81102","PM10 Total 0-10um STP","35620","New York-Newark-Jersey City, NY-NJ-PA","34","New Jersey","017","Hudson","40.725454","-74.05229"
"02/09/2012","340171003","3","21","ug/m3 SC","19","1","100.0000","81102","PM10 Total 0-10um STP","35620","New York-Newark-Jersey City, NY-NJ-PA","34","New Jersey","017","Hudson","40.725454","-74.05229"
"02/15/2012","340171003","3","34","ug/m3 SC","31","1","100.0000","81102","PM10 Total 0-10um STP","35620","New York-Newark-Jersey City, NY-NJ-PA","34","New Jersey","017","Hudson","40.725454","-74.05229"
"02/21/2012","340171003","3","28","ug/m3 SC","26","1","100.0000","81102","PM10 Total 0-10um STP","35620","New York-Newark-Jersey City, NY-NJ-PA","34","New Jersey","017","Hudson","40.725454","-74.05229"
"02/27/2012","340171003","3","35","ug/m3 SC","32","1","100.0000","81102","PM10 Total 0-10um STP","35620","New York-Newark-Jersey City, NY-NJ-PA","34","New Jersey","017","Hudson","40.725454","-74.05229"
"03/04/2012","340171003","3","25","ug/m3 SC","23","1","100.0000","81102","PM10 Total 0-10um STP","35620","New York-Newark-Jersey City, NY-NJ-PA","34","New Jersey","017","Hudson","40.725454","-74.05229"
"03/10/2012","340171003","3","30","ug/m3 SC","28","1","100.0000","81102","PM10 Total 0-10um STP","35620","New York-Newark-Jersey City, NY-NJ-PA","34","New Jersey","017","Hudson","40.725454","-74.05229"
"03/16/2012","340171003","3","47","ug/m3 SC","44","1","100.0000","81102","PM10 Total 0-10um STP","35620","New York-Newark-Jersey City, NY-NJ-PA","34","New Jersey","017","Hudson","40.725454","-74.05229"
"03/22/2012","340171003","3","33","ug/m3 SC","31","1","100.0000","81102","PM10 Total 0-10um STP","35620","New York-Newark-Jersey City, NY-NJ-PA","34","New Jersey","017","Hudson","40.725454","-74.05229"
"03/28/2012","340171003","3","31","ug/m3 SC","29","1","100.0000","81102","PM10 Total 0-10um STP","35620","New York-Newark-Jersey City, NY-NJ-PA","34","New Jersey","017","Hudson","40.725454","-74.05229"
"04/03/2012","340171003","3","12","ug/m3 SC","11","1","100.0000","81102","PM10 Total 0-10um STP","35620","New York-Newark-Jersey City, NY-NJ-PA","34","New Jersey","017","Hudson","40.725454","-74.05229"
"04/15/2012","340171003","3","34","ug/m3 SC","31","1","100.0000","81102","PM10 Total 0-10um STP","35620","New York-Newark-Jersey City, NY-NJ-PA","34","New Jersey","017","Hudson","40.725454","-74.05229"
"04/21/2012","340171003","3","24","ug/m3 SC","22","1","100.0000","81102","PM10 Total 0-10um STP","35620","New York-Newark-Jersey City, NY-NJ-PA","34","New Jersey","017","Hudson","40.725454","-74.05229"
"05/09/2012","340171003","3","28","ug/m3 SC","26","1","100.0000","81102","PM10 Total 0-10um STP","35620","New York-Newark-Jersey City, NY-NJ-PA","34","New Jersey","017","Hudson","40.725454","-74.05229"
"05/15/2012","340171003","3","36","ug/m3 SC","33","1","100.0000","81102","PM10 Total 0-10um STP","35620","New York-Newark-Jersey City, NY-NJ-PA","34","New Jersey","017","Hudson","40.725454","-74.05229"
"05/21/2012","340171003","3","23","ug/m3 SC","21","1","100.0000","81102","PM10 Total 0-10um STP","35620","New York-Newark-Jersey City, NY-NJ-PA","34","New Jersey","017","Hudson","40.725454","-74.05229"
"05/27/2012","340171003","3","46","ug/m3 SC","43","1","100.0000","81102","PM10 Total 0-10um STP","35620","New York-Newark-Jersey City, NY-NJ-PA","34","New Jersey","017","Hudson","40.725454","-74.05229"
"06/02/2012","340171003","3","21","ug/m3 SC","19","1","100.0000","81102","PM10 Total 0-10um STP","35620","New York-Newark-Jersey City, NY-NJ-PA","34","New Jersey","017","Hudson","40.725454","-74.05229"
"06/08/2012","340171003","3","39","ug/m3 SC","36","1","100.0000","81102","PM10 Total 0-10um STP","35620","New York-Newark-Jersey City, NY-NJ-PA","34","New Jersey","017","Hudson","40.725454","-74.05229"
"06/14/2012","340171003","3","34","ug/m3 SC","31","1","100.0000","81102","PM10 Total 0-10um STP","35620","New York-Newark-Jersey City, NY-NJ-PA","34","New Jersey","017","Hudson","40.725454","-74.05229"
"06/20/2012","340171003","3","44","ug/m3 SC","41","1","100.0000","81102","PM10 Total 0-10um STP","35620","New York-Newark-Jersey City, NY-NJ-PA","34","New Jersey","017","Hudson","40.725454","-74.05229"
"06/26/2012","340171003","3","23","ug/m3 SC","21","1","100.0000","81102","PM10 Total 0-10um STP","35620","New York-Newark-Jersey City, NY-NJ-PA","34","New Jersey","017","Hudson","40.725454","-74.05229"
"07/02/2012","340171003","3","28","ug/m3 SC","26","1","100.0000","81102","PM10 Total 0-10um STP","35620","New York-Newark-Jersey City, NY-NJ-PA","34","New Jersey","017","Hudson","40.725454","-74.05229"
"07/08/2012","340171003","3","30","ug/m3 SC","28","1","100.0000","81102","PM10 Total 0-10um STP","35620","New York-Newark-Jersey City, NY-NJ-PA","34","New Jersey","017","Hudson","40.725454","-74.05229"
"07/20/2012","340171003","3","64","ug/m3 SC","55","1","100.0000","81102","PM10 Total 0-10um STP","35620","New York-Newark-Jersey City, NY-NJ-PA","34","New Jersey","017","Hudson","40.725454","-74.05229"
"07/26/2012","340171003","3","37","ug/m3 SC","34","1","100.0000","81102","PM10 Total 0-10um STP","35620","New York-Newark-Jersey City, NY-NJ-PA","34","New Jersey","017","Hudson","40.725454","-74.05229"
"08/01/2012","340171003","3","56","ug/m3 SC","51","1","100.0000","81102","PM10 Total 0-10um STP","35620","New York-Newark-Jersey City, NY-NJ-PA","34","New Jersey","017","Hudson","40.725454","-74.05229"
"08/07/2012","340171003","3","87","ug/m3 SC","67","1","100.0000","81102","PM10 Total 0-10um STP","35620","New York-Newark-Jersey City, NY-NJ-PA","34","New Jersey","017","Hudson","40.725454","-74.05229"
"08/12/2012","340171003","3","23","ug/m3 SC","21","1","100.0000","81102","PM10 Total 0-10um STP","35620","New York-Newark-Jersey City, NY-NJ-PA","34","New Jersey","017","Hudson","40.725454","-74.05229"
"08/19/2012","340171003","3","25","ug/m3 SC","23","1","100.0000","81102","PM10 Total 0-10um STP","35620","New York-Newark-Jersey City, NY-NJ-PA","34","New Jersey","017","Hudson","40.725454","-74.05229"
"08/25/2012","340171003","3","45","ug/m3 SC","42","1","100.0000","81102","PM10 Total 0-10um STP","35620","New York-Newark-Jersey City, NY-NJ-PA","34","New Jersey","017","Hudson","40.725454","-74.05229"
"08/31/2012","340171003","3","42","ug/m3 SC","39","1","100.0000","81102","PM10 Total 0-10um STP","35620","New York-Newark-Jersey City, NY-NJ-PA","34","New Jersey","017","Hudson","40.725454","-74.05229"
"09/06/2012","340171003","3","21","ug/m3 SC","19","1","100.0000","81102","PM10 Total 0-10um STP","35620","New York-Newark-Jersey City, NY-NJ-PA","34","New Jersey","017","Hudson","40.725454","-74.05229"
"09/12/2012","340171003","3","38","ug/m3 SC","35","1","100.0000","81102","PM10 Total 0-10um STP","35620","New York-Newark-Jersey City, NY-NJ-PA","34","New Jersey","017","Hudson","40.725454","-74.05229"
"09/18/2012","340171003","3","20","ug/m3 SC","19","1","100.0000","81102","PM10 Total 0-10um STP","35620","New York-Newark-Jersey City, NY-NJ-PA","34","New Jersey","017","Hudson","40.725454","-74.05229"
"09/24/2012","340171003","3","16","ug/m3 SC","15","1","100.0000","81102","PM10 Total 0-10um STP","35620","New York-Newark-Jersey City, NY-NJ-PA","34","New Jersey","017","Hudson","40.725454","-74.05229"
"09/30/2012","340171003","3","20","ug/m3 SC","19","1","100.0000","81102","PM10 Total 0-10um STP","35620","New York-Newark-Jersey City, NY-NJ-PA","34","New Jersey","017","Hudson","40.725454","-74.05229"
"10/06/2012","340171003","3","13","ug/m3 SC","12","1","100.0000","81102","PM10 Total 0-10um STP","35620","New York-Newark-Jersey City, NY-NJ-PA","34","New Jersey","017","Hudson","40.725454","-74.05229"
"10/18/2012","340171003","3","17","ug/m3 SC","16","1","100.0000","81102","PM10 Total 0-10um STP","35620","New York-Newark-Jersey City, NY-NJ-PA","34","New Jersey","017","Hudson","40.725454","-74.05229"
"10/24/2012","340171003","3","39","ug/m3 SC","36","1","100.0000","81102","PM10 Total 0-10um STP","35620","New York-Newark-Jersey City, NY-NJ-PA","34","New Jersey","017","Hudson","40.725454","-74.05229"
